result_id,gap,mask,point_source_template,iem_family,level,energy_bin,emin_gev,emax_gev,template,TS,lnL,dAIC_vs_vvv,dAIC_vs_best_gnfw,signal_photons,converged,mask_kept_fraction,status,source_run,git_commit,export_date
gap1_maskBps_iem1_hestia_G1.1_ang0_0p5-50GeV,1,B,True,1,1,0p5-50GeV,0.5,50.0,hestia_G1.1_ang0,270.691,3816416.798,-44.316,-156.945,35970.7,True,0.835,WITHDRAWN_see_section_6.0_rigid_IEM,eb_scan_all,f5dc203,2026-09-27
gap1_maskBps_iem1_hestia_G1.1_ang30_0p5-50GeV,1,B,True,1,1,0p5-50GeV,0.5,50.0,hestia_G1.1_ang30,244.116,3816403.51,-17.742,-130.37,35088.9,True,0.835,WITHDRAWN_see_section_6.0_rigid_IEM,eb_scan_all,f5dc203,2026-09-27
gap1_maskBps_iem1_hestia_G1.1_ang60_0p5-50GeV,1,B,True,1,1,0p5-50GeV,0.5,50.0,hestia_G1.1_ang60,244.236,3816403.57,-17.861,-130.49,35530.2,True,0.835,WITHDRAWN_see_section_6.0_rigid_IEM,eb_scan_all,f5dc203,2026-09-27
gap1_maskBps_iem1_hestia_G1.1_ang90_0p5-50GeV,1,B,True,1,1,0p5-50GeV,0.5,50.0,hestia_G1.1_ang90,201.913,3816382.409,24.461,-88.167,30883.1,True,0.835,WITHDRAWN_see_section_6.0_rigid_IEM,eb_scan_all,f5dc203,2026-09-27
gap1_maskBps_iem1_hestia_G1.2_ang0_0p5-50GeV,1,B,True,1,1,0p5-50GeV,0.5,50.0,hestia_G1.2_ang0,199.078,3816380.991,27.296,-85.332,30137.1,True,0.835,WITHDRAWN_see_section_6.0_rigid_IEM,eb_scan_all,f5dc203,2026-09-27
gap1_maskBps_iem1_hestia_G1.2_ang30_0p5-50GeV,1,B,True,1,1,0p5-50GeV,0.5,50.0,hestia_G1.2_ang30,238.191,3816400.548,-11.816,-124.445,35663.2,True,0.835,WITHDRAWN_see_section_6.0_rigid_IEM,eb_scan_all,f5dc203,2026-09-27
gap1_maskBps_iem1_hestia_G1.2_ang60_0p5-50GeV,1,B,True,1,1,0p5-50GeV,0.5,50.0,hestia_G1.2_ang60,229.448,3816396.176,-3.074,-115.702,36443.4,True,0.835,WITHDRAWN_see_section_6.0_rigid_IEM,eb_scan_all,f5dc203,2026-09-27
gap1_maskBps_iem1_hestia_G1.2_ang90_0p5-50GeV,1,B,True,1,1,0p5-50GeV,0.5,50.0,hestia_G1.2_ang90,253.716,3816408.311,-27.342,-139.97,39733.9,True,0.835,WITHDRAWN_see_section_6.0_rigid_IEM,eb_scan_all,f5dc203,2026-09-27
gap1_maskBps_iem1_hestia_G2.1_ang0_0p5-50GeV,1,B,True,1,1,0p5-50GeV,0.5,50.0,hestia_G2.1_ang0,277.003,3816419.954,-50.628,-163.257,43696.9,True,0.835,WITHDRAWN_see_section_6.0_rigid_IEM,eb_scan_all,f5dc203,2026-09-27
gap1_maskBps_iem1_hestia_G2.1_ang30_0p5-50GeV,1,B,True,1,1,0p5-50GeV,0.5,50.0,hestia_G2.1_ang30,249.235,3816406.07,-22.861,-135.489,41931.3,True,0.835,WITHDRAWN_see_section_6.0_rigid_IEM,eb_scan_all,f5dc203,2026-09-27
gap1_maskBps_iem1_hestia_G2.1_ang60_0p5-50GeV,1,B,True,1,1,0p5-50GeV,0.5,50.0,hestia_G2.1_ang60,248.052,3816405.478,-21.677,-134.306,41774.8,True,0.835,WITHDRAWN_see_section_6.0_rigid_IEM,eb_scan_all,f5dc203,2026-09-27
gap1_maskBps_iem1_hestia_G2.1_ang90_0p5-50GeV,1,B,True,1,1,0p5-50GeV,0.5,50.0,hestia_G2.1_ang90,286.479,3816424.692,-60.105,-172.734,44877.8,True,0.835,WITHDRAWN_see_section_6.0_rigid_IEM,eb_scan_all,f5dc203,2026-09-27
gap1_maskBps_iem1_hestia_G2.2_ang0_0p5-50GeV,1,B,True,1,1,0p5-50GeV,0.5,50.0,hestia_G2.2_ang0,216.964,3816389.934,9.41,-103.218,30525.1,True,0.835,WITHDRAWN_see_section_6.0_rigid_IEM,eb_scan_all,f5dc203,2026-09-27
gap1_maskBps_iem1_hestia_G2.2_ang30_0p5-50GeV,1,B,True,1,1,0p5-50GeV,0.5,50.0,hestia_G2.2_ang30,216.981,3816389.943,9.393,-103.236,33040.8,True,0.835,WITHDRAWN_see_section_6.0_rigid_IEM,eb_scan_all,f5dc203,2026-09-27
gap1_maskBps_iem1_hestia_G2.2_ang60_0p5-50GeV,1,B,True,1,1,0p5-50GeV,0.5,50.0,hestia_G2.2_ang60,214.536,3816388.72,11.839,-100.79,32914.3,True,0.835,WITHDRAWN_see_section_6.0_rigid_IEM,eb_scan_all,f5dc203,2026-09-27
gap1_maskBps_iem1_hestia_G2.2_ang90_0p5-50GeV,1,B,True,1,1,0p5-50GeV,0.5,50.0,hestia_G2.2_ang90,215.316,3816389.11,11.058,-101.57,31531.0,True,0.835,WITHDRAWN_see_section_6.0_rigid_IEM,eb_scan_all,f5dc203,2026-09-27
gap1_maskBps_iem1_hestia_G3.1_ang0_0p5-50GeV,1,B,True,1,1,0p5-50GeV,0.5,50.0,hestia_G3.1_ang0,174.898,3816368.901,51.476,-61.152,30023.6,True,0.835,WITHDRAWN_see_section_6.0_rigid_IEM,eb_scan_all,f5dc203,2026-09-27
gap1_maskBps_iem1_hestia_G3.1_ang30_0p5-50GeV,1,B,True,1,1,0p5-50GeV,0.5,50.0,hestia_G3.1_ang30,193.13,3816378.017,33.244,-79.384,32068.8,True,0.835,WITHDRAWN_see_section_6.0_rigid_IEM,eb_scan_all,f5dc203,2026-09-27
gap1_maskBps_iem1_hestia_G3.1_ang60_0p5-50GeV,1,B,True,1,1,0p5-50GeV,0.5,50.0,hestia_G3.1_ang60,210.219,3816386.562,16.156,-96.473,32528.0,True,0.835,WITHDRAWN_see_section_6.0_rigid_IEM,eb_scan_all,f5dc203,2026-09-27
gap1_maskBps_iem1_hestia_G3.1_ang90_0p5-50GeV,1,B,True,1,1,0p5-50GeV,0.5,50.0,hestia_G3.1_ang90,187.949,3816375.427,38.425,-74.203,30052.1,True,0.835,WITHDRAWN_see_section_6.0_rigid_IEM,eb_scan_all,f5dc203,2026-09-27
gap1_maskBps_iem1_hestia_G3.2_ang0_0p5-50GeV,1,B,True,1,1,0p5-50GeV,0.5,50.0,hestia_G3.2_ang0,190.019,3816376.462,36.356,-76.273,28341.2,True,0.835,WITHDRAWN_see_section_6.0_rigid_IEM,eb_scan_all,f5dc203,2026-09-27
gap1_maskBps_iem1_hestia_G3.2_ang30_0p5-50GeV,1,B,True,1,1,0p5-50GeV,0.5,50.0,hestia_G3.2_ang30,197.246,3816380.075,29.128,-83.5,29310.7,True,0.835,WITHDRAWN_see_section_6.0_rigid_IEM,eb_scan_all,f5dc203,2026-09-27
gap1_maskBps_iem1_hestia_G3.2_ang60_0p5-50GeV,1,B,True,1,1,0p5-50GeV,0.5,50.0,hestia_G3.2_ang60,173.673,3816368.289,52.702,-59.927,27500.3,True,0.835,WITHDRAWN_see_section_6.0_rigid_IEM,eb_scan_all,f5dc203,2026-09-27
gap1_maskBps_iem1_hestia_G3.2_ang90_0p5-50GeV,1,B,True,1,1,0p5-50GeV,0.5,50.0,hestia_G3.2_ang90,164.898,3816363.901,61.476,-51.152,28243.5,True,0.835,WITHDRAWN_see_section_6.0_rigid_IEM,eb_scan_all,f5dc203,2026-09-27
gap1_maskBps_iem1_vvv_0p5-50GeV,1,B,True,1,1,0p5-50GeV,0.5,50.0,vvv,226.374,3816394.639,-0.0,-112.628,16946.3,True,0.835,WITHDRAWN_see_section_6.0_rigid_IEM,eb_scan_all,f5dc203,2026-09-27
gap1_maskBps_iem1_f98_0p5-50GeV,1,B,True,1,1,0p5-50GeV,0.5,50.0,f98,199.096,3816381.0,27.279,-85.35,14165.8,True,0.835,WITHDRAWN_see_section_6.0_rigid_IEM,eb_scan_all,f5dc203,2026-09-27
gap1_maskBps_iem1_gnfw_g0.8_0p5-50GeV,1,B,True,1,1,0p5-50GeV,0.5,50.0,gnfw_g0.8,99.185,3816331.045,127.19,14.561,31814.3,True,0.835,WITHDRAWN_see_section_6.0_rigid_IEM,eb_scan_all,f5dc203,2026-09-27
gap1_maskBps_iem1_gnfw_g0.8_th1_0p5-50GeV,1,B,True,1,1,0p5-50GeV,0.5,50.0,gnfw_g0.8_th1,28.62,3816295.762,197.754,85.126,14446.7,True,0.835,WITHDRAWN_see_section_6.0_rigid_IEM,eb_scan_all,f5dc203,2026-09-27
gap1_maskBps_iem1_gnfw_g0.9_0p5-50GeV,1,B,True,1,1,0p5-50GeV,0.5,50.0,gnfw_g0.9,106.157,3816334.531,120.217,7.588,28793.3,True,0.835,WITHDRAWN_see_section_6.0_rigid_IEM,eb_scan_all,f5dc203,2026-09-27
gap1_maskBps_iem1_gnfw_g0.9_th1_0p5-50GeV,1,B,True,1,1,0p5-50GeV,0.5,50.0,gnfw_g0.9_th1,42.574,3816302.739,183.801,71.172,16716.4,True,0.835,WITHDRAWN_see_section_6.0_rigid_IEM,eb_scan_all,f5dc203,2026-09-27
gap1_maskBps_iem1_gnfw_g1.0_0p5-50GeV,1,B,True,1,1,0p5-50GeV,0.5,50.0,gnfw_g1.0,111.176,3816337.04,115.199,2.57,25749.8,True,0.835,WITHDRAWN_see_section_6.0_rigid_IEM,eb_scan_all,f5dc203,2026-09-27
gap1_maskBps_iem1_gnfw_g1.0_th1_0p5-50GeV,1,B,True,1,1,0p5-50GeV,0.5,50.0,gnfw_g1.0_th1,56.492,3816309.698,169.882,57.254,17420.4,True,0.835,WITHDRAWN_see_section_6.0_rigid_IEM,eb_scan_all,f5dc203,2026-09-27
gap1_maskBps_iem1_gnfw_g1.1_0p5-50GeV,1,B,True,1,1,0p5-50GeV,0.5,50.0,gnfw_g1.1,113.746,3816338.325,112.628,-0.0,22728.0,True,0.835,WITHDRAWN_see_section_6.0_rigid_IEM,eb_scan_all,f5dc203,2026-09-27
gap1_maskBps_iem1_gnfw_g1.1_th1_0p5-50GeV,1,B,True,1,1,0p5-50GeV,0.5,50.0,gnfw_g1.1_th1,68.373,3816315.639,158.001,45.373,16994.6,True,0.835,WITHDRAWN_see_section_6.0_rigid_IEM,eb_scan_all,f5dc203,2026-09-27
gap1_maskBps_iem1_gnfw_g1.2_0p5-50GeV,1,B,True,1,1,0p5-50GeV,0.5,50.0,gnfw_g1.2,113.509,3816338.207,112.865,0.237,19778.5,True,0.835,WITHDRAWN_see_section_6.0_rigid_IEM,eb_scan_all,f5dc203,2026-09-27
gap1_maskBps_iem1_gnfw_g1.2_th1_0p5-50GeV,1,B,True,1,1,0p5-50GeV,0.5,50.0,gnfw_g1.2_th1,76.809,3816319.857,149.566,36.937,15795.2,True,0.835,WITHDRAWN_see_section_6.0_rigid_IEM,eb_scan_all,f5dc203,2026-09-27
gap1_maskBps_iem1_gnfw_g1.3_0p5-50GeV,1,B,True,1,1,0p5-50GeV,0.5,50.0,gnfw_g1.3,110.224,3816336.564,116.15,3.522,16934.5,True,0.835,WITHDRAWN_see_section_6.0_rigid_IEM,eb_scan_all,f5dc203,2026-09-27
gap1_maskBps_iem1_gnfw_g1.3_th1_0p5-50GeV,1,B,True,1,1,0p5-50GeV,0.5,50.0,gnfw_g1.3_th1,80.926,3816321.915,145.448,32.82,14101.7,True,0.835,WITHDRAWN_see_section_6.0_rigid_IEM,eb_scan_all,f5dc203,2026-09-27
gap1_maskBps_iem1_gnfw_g1.4_0p5-50GeV,1,B,True,1,1,0p5-50GeV,0.5,50.0,gnfw_g1.4,103.702,3816333.303,122.673,10.044,14206.1,True,0.835,WITHDRAWN_see_section_6.0_rigid_IEM,eb_scan_all,f5dc203,2026-09-27
gap1_maskBps_iem1_gnfw_g1.4_th1_0p5-50GeV,1,B,True,1,1,0p5-50GeV,0.5,50.0,gnfw_g1.4_th1,80.359,3816321.632,146.015,33.387,11981.5,True,0.835,WITHDRAWN_see_section_6.0_rigid_IEM,eb_scan_all,f5dc203,2026-09-27
gap1_maskBps_iem1_hestia_G1.1_ang0_0p5-1GeV,1,B,True,1,1,0p5-1GeV,0.5,1.0,hestia_G1.1_ang0,0.0,1878785.283,-0.0,0.0,0.0,True,0.6777,WITHDRAWN_see_section_6.0_rigid_IEM,eb_scan_b0_5-1,f5dc203,2026-09-27
gap1_maskBps_iem1_hestia_G1.1_ang30_0p5-1GeV,1,B,True,1,1,0p5-1GeV,0.5,1.0,hestia_G1.1_ang30,0.0,1878785.283,-0.0,-0.0,0.0,True,0.6777,WITHDRAWN_see_section_6.0_rigid_IEM,eb_scan_b0_5-1,f5dc203,2026-09-27
gap1_maskBps_iem1_hestia_G1.1_ang60_0p5-1GeV,1,B,True,1,1,0p5-1GeV,0.5,1.0,hestia_G1.1_ang60,0.0,1878785.283,-0.0,0.0,0.0,True,0.6777,WITHDRAWN_see_section_6.0_rigid_IEM,eb_scan_b0_5-1,f5dc203,2026-09-27
gap1_maskBps_iem1_hestia_G1.1_ang90_0p5-1GeV,1,B,True,1,1,0p5-1GeV,0.5,1.0,hestia_G1.1_ang90,0.0,1878785.283,-0.0,0.0,0.0,True,0.6777,WITHDRAWN_see_section_6.0_rigid_IEM,eb_scan_b0_5-1,f5dc203,2026-09-27
gap1_maskBps_iem1_hestia_G1.2_ang0_0p5-1GeV,1,B,True,1,1,0p5-1GeV,0.5,1.0,hestia_G1.2_ang0,0.0,1878785.283,-0.0,0.0,0.0,True,0.6777,WITHDRAWN_see_section_6.0_rigid_IEM,eb_scan_b0_5-1,f5dc203,2026-09-27
gap1_maskBps_iem1_hestia_G1.2_ang30_0p5-1GeV,1,B,True,1,1,0p5-1GeV,0.5,1.0,hestia_G1.2_ang30,0.0,1878785.283,-0.0,-0.0,0.0,True,0.6777,WITHDRAWN_see_section_6.0_rigid_IEM,eb_scan_b0_5-1,f5dc203,2026-09-27
gap1_maskBps_iem1_hestia_G1.2_ang60_0p5-1GeV,1,B,True,1,1,0p5-1GeV,0.5,1.0,hestia_G1.2_ang60,0.0,1878785.283,-0.0,-0.0,0.0,True,0.6777,WITHDRAWN_see_section_6.0_rigid_IEM,eb_scan_b0_5-1,f5dc203,2026-09-27
gap1_maskBps_iem1_hestia_G1.2_ang90_0p5-1GeV,1,B,True,1,1,0p5-1GeV,0.5,1.0,hestia_G1.2_ang90,0.0,1878785.283,-0.0,0.0,0.0,True,0.6777,WITHDRAWN_see_section_6.0_rigid_IEM,eb_scan_b0_5-1,f5dc203,2026-09-27
gap1_maskBps_iem1_hestia_G2.1_ang0_0p5-1GeV,1,B,True,1,1,0p5-1GeV,0.5,1.0,hestia_G2.1_ang0,0.0,1878785.283,-0.0,-0.0,0.0,True,0.6777,WITHDRAWN_see_section_6.0_rigid_IEM,eb_scan_b0_5-1,f5dc203,2026-09-27
gap1_maskBps_iem1_hestia_G2.1_ang30_0p5-1GeV,1,B,True,1,1,0p5-1GeV,0.5,1.0,hestia_G2.1_ang30,0.0,1878785.283,-0.0,0.0,0.0,True,0.6777,WITHDRAWN_see_section_6.0_rigid_IEM,eb_scan_b0_5-1,f5dc203,2026-09-27
gap1_maskBps_iem1_hestia_G2.1_ang60_0p5-1GeV,1,B,True,1,1,0p5-1GeV,0.5,1.0,hestia_G2.1_ang60,0.0,1878785.283,-0.0,-0.0,0.0,True,0.6777,WITHDRAWN_see_section_6.0_rigid_IEM,eb_scan_b0_5-1,f5dc203,2026-09-27
gap1_maskBps_iem1_hestia_G2.1_ang90_0p5-1GeV,1,B,True,1,1,0p5-1GeV,0.5,1.0,hestia_G2.1_ang90,0.0,1878785.283,-0.0,0.0,0.0,True,0.6777,WITHDRAWN_see_section_6.0_rigid_IEM,eb_scan_b0_5-1,f5dc203,2026-09-27
gap1_maskBps_iem1_hestia_G2.2_ang0_0p5-1GeV,1,B,True,1,1,0p5-1GeV,0.5,1.0,hestia_G2.2_ang0,0.0,1878785.283,-0.0,0.0,0.0,True,0.6777,WITHDRAWN_see_section_6.0_rigid_IEM,eb_scan_b0_5-1,f5dc203,2026-09-27
gap1_maskBps_iem1_hestia_G2.2_ang30_0p5-1GeV,1,B,True,1,1,0p5-1GeV,0.5,1.0,hestia_G2.2_ang30,0.0,1878785.283,-0.0,-0.0,0.0,True,0.6777,WITHDRAWN_see_section_6.0_rigid_IEM,eb_scan_b0_5-1,f5dc203,2026-09-27
gap1_maskBps_iem1_hestia_G2.2_ang60_0p5-1GeV,1,B,True,1,1,0p5-1GeV,0.5,1.0,hestia_G2.2_ang60,0.0,1878785.283,-0.0,0.0,0.0,True,0.6777,WITHDRAWN_see_section_6.0_rigid_IEM,eb_scan_b0_5-1,f5dc203,2026-09-27
gap1_maskBps_iem1_hestia_G2.2_ang90_0p5-1GeV,1,B,True,1,1,0p5-1GeV,0.5,1.0,hestia_G2.2_ang90,0.0,1878785.283,-0.0,0.0,0.0,True,0.6777,WITHDRAWN_see_section_6.0_rigid_IEM,eb_scan_b0_5-1,f5dc203,2026-09-27
gap1_maskBps_iem1_hestia_G3.1_ang0_0p5-1GeV,1,B,True,1,1,0p5-1GeV,0.5,1.0,hestia_G3.1_ang0,0.0,1878785.283,-0.0,0.0,0.0,True,0.6777,WITHDRAWN_see_section_6.0_rigid_IEM,eb_scan_b0_5-1,f5dc203,2026-09-27
gap1_maskBps_iem1_hestia_G3.1_ang30_0p5-1GeV,1,B,True,1,1,0p5-1GeV,0.5,1.0,hestia_G3.1_ang30,0.0,1878785.283,-0.0,0.0,0.0,True,0.6777,WITHDRAWN_see_section_6.0_rigid_IEM,eb_scan_b0_5-1,f5dc203,2026-09-27
gap1_maskBps_iem1_hestia_G3.1_ang60_0p5-1GeV,1,B,True,1,1,0p5-1GeV,0.5,1.0,hestia_G3.1_ang60,0.0,1878785.283,-0.0,-0.0,0.0,True,0.6777,WITHDRAWN_see_section_6.0_rigid_IEM,eb_scan_b0_5-1,f5dc203,2026-09-27
gap1_maskBps_iem1_hestia_G3.1_ang90_0p5-1GeV,1,B,True,1,1,0p5-1GeV,0.5,1.0,hestia_G3.1_ang90,0.0,1878785.283,-0.0,0.0,0.0,True,0.6777,WITHDRAWN_see_section_6.0_rigid_IEM,eb_scan_b0_5-1,f5dc203,2026-09-27
gap1_maskBps_iem1_hestia_G3.2_ang0_0p5-1GeV,1,B,True,1,1,0p5-1GeV,0.5,1.0,hestia_G3.2_ang0,0.0,1878785.283,0.0,0.0,0.0,True,0.6777,WITHDRAWN_see_section_6.0_rigid_IEM,eb_scan_b0_5-1,f5dc203,2026-09-27
gap1_maskBps_iem1_hestia_G3.2_ang30_0p5-1GeV,1,B,True,1,1,0p5-1GeV,0.5,1.0,hestia_G3.2_ang30,0.0,1878785.283,0.0,0.0,0.0,True,0.6777,WITHDRAWN_see_section_6.0_rigid_IEM,eb_scan_b0_5-1,f5dc203,2026-09-27
gap1_maskBps_iem1_hestia_G3.2_ang60_0p5-1GeV,1,B,True,1,1,0p5-1GeV,0.5,1.0,hestia_G3.2_ang60,0.0,1878785.283,0.0,0.0,0.0,True,0.6777,WITHDRAWN_see_section_6.0_rigid_IEM,eb_scan_b0_5-1,f5dc203,2026-09-27
gap1_maskBps_iem1_hestia_G3.2_ang90_0p5-1GeV,1,B,True,1,1,0p5-1GeV,0.5,1.0,hestia_G3.2_ang90,0.0,1878785.283,0.0,0.0,0.0,True,0.6777,WITHDRAWN_see_section_6.0_rigid_IEM,eb_scan_b0_5-1,f5dc203,2026-09-27
gap1_maskBps_iem1_vvv_0p5-1GeV,1,B,True,1,1,0p5-1GeV,0.5,1.0,vvv,0.0,1878785.283,-0.0,0.0,0.0,True,0.6777,WITHDRAWN_see_section_6.0_rigid_IEM,eb_scan_b0_5-1,f5dc203,2026-09-27
gap1_maskBps_iem1_f98_0p5-1GeV,1,B,True,1,1,0p5-1GeV,0.5,1.0,f98,0.0,1878785.283,-0.0,-0.0,0.0,True,0.6777,WITHDRAWN_see_section_6.0_rigid_IEM,eb_scan_b0_5-1,f5dc203,2026-09-27
gap1_maskBps_iem1_gnfw_g0.8_0p5-1GeV,1,B,True,1,1,0p5-1GeV,0.5,1.0,gnfw_g0.8,0.0,1878785.283,-0.0,0.0,0.0,True,0.6777,WITHDRAWN_see_section_6.0_rigid_IEM,eb_scan_b0_5-1,f5dc203,2026-09-27
gap1_maskBps_iem1_gnfw_g0.8_th1_0p5-1GeV,1,B,True,1,1,0p5-1GeV,0.5,1.0,gnfw_g0.8_th1,0.0,1878785.283,-0.0,0.0,0.0,True,0.6777,WITHDRAWN_see_section_6.0_rigid_IEM,eb_scan_b0_5-1,f5dc203,2026-09-27
gap1_maskBps_iem1_gnfw_g0.9_0p5-1GeV,1,B,True,1,1,0p5-1GeV,0.5,1.0,gnfw_g0.9,0.0,1878785.283,-0.0,0.0,0.0,True,0.6777,WITHDRAWN_see_section_6.0_rigid_IEM,eb_scan_b0_5-1,f5dc203,2026-09-27
gap1_maskBps_iem1_gnfw_g0.9_th1_0p5-1GeV,1,B,True,1,1,0p5-1GeV,0.5,1.0,gnfw_g0.9_th1,0.0,1878785.283,-0.0,0.0,0.0,True,0.6777,WITHDRAWN_see_section_6.0_rigid_IEM,eb_scan_b0_5-1,f5dc203,2026-09-27
gap1_maskBps_iem1_gnfw_g1.0_0p5-1GeV,1,B,True,1,1,0p5-1GeV,0.5,1.0,gnfw_g1.0,0.0,1878785.283,-0.0,-0.0,0.0,True,0.6777,WITHDRAWN_see_section_6.0_rigid_IEM,eb_scan_b0_5-1,f5dc203,2026-09-27
gap1_maskBps_iem1_gnfw_g1.0_th1_0p5-1GeV,1,B,True,1,1,0p5-1GeV,0.5,1.0,gnfw_g1.0_th1,0.0,1878785.283,-0.0,0.0,0.0,True,0.6777,WITHDRAWN_see_section_6.0_rigid_IEM,eb_scan_b0_5-1,f5dc203,2026-09-27
gap1_maskBps_iem1_gnfw_g1.1_0p5-1GeV,1,B,True,1,1,0p5-1GeV,0.5,1.0,gnfw_g1.1,0.0,1878785.283,-0.0,0.0,0.0,True,0.6777,WITHDRAWN_see_section_6.0_rigid_IEM,eb_scan_b0_5-1,f5dc203,2026-09-27
gap1_maskBps_iem1_gnfw_g1.1_th1_0p5-1GeV,1,B,True,1,1,0p5-1GeV,0.5,1.0,gnfw_g1.1_th1,0.0,1878785.283,-0.0,0.0,0.0,True,0.6777,WITHDRAWN_see_section_6.0_rigid_IEM,eb_scan_b0_5-1,f5dc203,2026-09-27
gap1_maskBps_iem1_gnfw_g1.2_0p5-1GeV,1,B,True,1,1,0p5-1GeV,0.5,1.0,gnfw_g1.2,0.0,1878785.283,-0.0,0.0,0.0,True,0.6777,WITHDRAWN_see_section_6.0_rigid_IEM,eb_scan_b0_5-1,f5dc203,2026-09-27
gap1_maskBps_iem1_gnfw_g1.2_th1_0p5-1GeV,1,B,True,1,1,0p5-1GeV,0.5,1.0,gnfw_g1.2_th1,0.0,1878785.283,-0.0,0.0,0.0,True,0.6777,WITHDRAWN_see_section_6.0_rigid_IEM,eb_scan_b0_5-1,f5dc203,2026-09-27
gap1_maskBps_iem1_gnfw_g1.3_0p5-1GeV,1,B,True,1,1,0p5-1GeV,0.5,1.0,gnfw_g1.3,0.0,1878785.283,-0.0,0.0,0.0,True,0.6777,WITHDRAWN_see_section_6.0_rigid_IEM,eb_scan_b0_5-1,f5dc203,2026-09-27
gap1_maskBps_iem1_gnfw_g1.3_th1_0p5-1GeV,1,B,True,1,1,0p5-1GeV,0.5,1.0,gnfw_g1.3_th1,0.0,1878785.283,-0.0,0.0,0.0,True,0.6777,WITHDRAWN_see_section_6.0_rigid_IEM,eb_scan_b0_5-1,f5dc203,2026-09-27
gap1_maskBps_iem1_gnfw_g1.4_0p5-1GeV,1,B,True,1,1,0p5-1GeV,0.5,1.0,gnfw_g1.4,0.0,1878785.283,-0.0,-0.0,0.0,True,0.6777,WITHDRAWN_see_section_6.0_rigid_IEM,eb_scan_b0_5-1,f5dc203,2026-09-27
gap1_maskBps_iem1_gnfw_g1.4_th1_0p5-1GeV,1,B,True,1,1,0p5-1GeV,0.5,1.0,gnfw_g1.4_th1,0.0,1878785.283,-0.0,-0.0,0.0,True,0.6777,WITHDRAWN_see_section_6.0_rigid_IEM,eb_scan_b0_5-1,f5dc203,2026-09-27
gap1_maskBps_iem1_hestia_G1.1_ang0_1-10GeV,1,B,True,1,1,1-10GeV,1.0,10.0,hestia_G1.1_ang0,270.691,2097034.136,-44.316,-156.945,35970.7,True,0.8595,WITHDRAWN_see_section_6.0_rigid_IEM,eb_scan_b1-10,f5dc203,2026-09-27
gap1_maskBps_iem1_hestia_G1.1_ang30_1-10GeV,1,B,True,1,1,1-10GeV,1.0,10.0,hestia_G1.1_ang30,244.116,2097020.849,-17.742,-130.37,35088.9,True,0.8595,WITHDRAWN_see_section_6.0_rigid_IEM,eb_scan_b1-10,f5dc203,2026-09-27
gap1_maskBps_iem1_hestia_G1.1_ang60_1-10GeV,1,B,True,1,1,1-10GeV,1.0,10.0,hestia_G1.1_ang60,244.236,2097020.909,-17.861,-130.49,35530.2,True,0.8595,WITHDRAWN_see_section_6.0_rigid_IEM,eb_scan_b1-10,f5dc203,2026-09-27
gap1_maskBps_iem1_hestia_G1.1_ang90_1-10GeV,1,B,True,1,1,1-10GeV,1.0,10.0,hestia_G1.1_ang90,201.913,2096999.748,24.461,-88.167,30883.1,True,0.8595,WITHDRAWN_see_section_6.0_rigid_IEM,eb_scan_b1-10,f5dc203,2026-09-27
gap1_maskBps_iem1_hestia_G1.2_ang0_1-10GeV,1,B,True,1,1,1-10GeV,1.0,10.0,hestia_G1.2_ang0,199.078,2096998.33,27.296,-85.332,30137.1,True,0.8595,WITHDRAWN_see_section_6.0_rigid_IEM,eb_scan_b1-10,f5dc203,2026-09-27
gap1_maskBps_iem1_hestia_G1.2_ang30_1-10GeV,1,B,True,1,1,1-10GeV,1.0,10.0,hestia_G1.2_ang30,238.191,2097017.886,-11.816,-124.445,35663.2,True,0.8595,WITHDRAWN_see_section_6.0_rigid_IEM,eb_scan_b1-10,f5dc203,2026-09-27
gap1_maskBps_iem1_hestia_G1.2_ang60_1-10GeV,1,B,True,1,1,1-10GeV,1.0,10.0,hestia_G1.2_ang60,229.448,2097013.515,-3.074,-115.702,36443.4,True,0.8595,WITHDRAWN_see_section_6.0_rigid_IEM,eb_scan_b1-10,f5dc203,2026-09-27
gap1_maskBps_iem1_hestia_G1.2_ang90_1-10GeV,1,B,True,1,1,1-10GeV,1.0,10.0,hestia_G1.2_ang90,253.716,2097025.649,-27.342,-139.97,39733.9,True,0.8595,WITHDRAWN_see_section_6.0_rigid_IEM,eb_scan_b1-10,f5dc203,2026-09-27
gap1_maskBps_iem1_hestia_G2.1_ang0_1-10GeV,1,B,True,1,1,1-10GeV,1.0,10.0,hestia_G2.1_ang0,277.003,2097037.292,-50.628,-163.257,43696.9,True,0.8595,WITHDRAWN_see_section_6.0_rigid_IEM,eb_scan_b1-10,f5dc203,2026-09-27
gap1_maskBps_iem1_hestia_G2.1_ang30_1-10GeV,1,B,True,1,1,1-10GeV,1.0,10.0,hestia_G2.1_ang30,249.235,2097023.409,-22.861,-135.489,41931.3,True,0.8595,WITHDRAWN_see_section_6.0_rigid_IEM,eb_scan_b1-10,f5dc203,2026-09-27
gap1_maskBps_iem1_hestia_G2.1_ang60_1-10GeV,1,B,True,1,1,1-10GeV,1.0,10.0,hestia_G2.1_ang60,248.052,2097022.817,-21.677,-134.306,41774.8,True,0.8595,WITHDRAWN_see_section_6.0_rigid_IEM,eb_scan_b1-10,f5dc203,2026-09-27
gap1_maskBps_iem1_hestia_G2.1_ang90_1-10GeV,1,B,True,1,1,1-10GeV,1.0,10.0,hestia_G2.1_ang90,286.479,2097042.031,-60.105,-172.734,44877.8,True,0.8595,WITHDRAWN_see_section_6.0_rigid_IEM,eb_scan_b1-10,f5dc203,2026-09-27
gap1_maskBps_iem1_hestia_G2.2_ang0_1-10GeV,1,B,True,1,1,1-10GeV,1.0,10.0,hestia_G2.2_ang0,216.964,2097007.273,9.41,-103.218,30525.1,True,0.8595,WITHDRAWN_see_section_6.0_rigid_IEM,eb_scan_b1-10,f5dc203,2026-09-27
gap1_maskBps_iem1_hestia_G2.2_ang30_1-10GeV,1,B,True,1,1,1-10GeV,1.0,10.0,hestia_G2.2_ang30,216.981,2097007.282,9.393,-103.236,33040.8,True,0.8595,WITHDRAWN_see_section_6.0_rigid_IEM,eb_scan_b1-10,f5dc203,2026-09-27
gap1_maskBps_iem1_hestia_G2.2_ang60_1-10GeV,1,B,True,1,1,1-10GeV,1.0,10.0,hestia_G2.2_ang60,214.536,2097006.059,11.839,-100.79,32914.3,True,0.8595,WITHDRAWN_see_section_6.0_rigid_IEM,eb_scan_b1-10,f5dc203,2026-09-27
gap1_maskBps_iem1_hestia_G2.2_ang90_1-10GeV,1,B,True,1,1,1-10GeV,1.0,10.0,hestia_G2.2_ang90,215.316,2097006.449,11.058,-101.57,31531.0,True,0.8595,WITHDRAWN_see_section_6.0_rigid_IEM,eb_scan_b1-10,f5dc203,2026-09-27
gap1_maskBps_iem1_hestia_G3.1_ang0_1-10GeV,1,B,True,1,1,1-10GeV,1.0,10.0,hestia_G3.1_ang0,174.898,2096986.24,51.476,-61.152,30023.6,True,0.8595,WITHDRAWN_see_section_6.0_rigid_IEM,eb_scan_b1-10,f5dc203,2026-09-27
gap1_maskBps_iem1_hestia_G3.1_ang30_1-10GeV,1,B,True,1,1,1-10GeV,1.0,10.0,hestia_G3.1_ang30,193.13,2096995.356,33.244,-79.384,32068.8,True,0.8595,WITHDRAWN_see_section_6.0_rigid_IEM,eb_scan_b1-10,f5dc203,2026-09-27
gap1_maskBps_iem1_hestia_G3.1_ang60_1-10GeV,1,B,True,1,1,1-10GeV,1.0,10.0,hestia_G3.1_ang60,210.219,2097003.9,16.156,-96.473,32528.0,True,0.8595,WITHDRAWN_see_section_6.0_rigid_IEM,eb_scan_b1-10,f5dc203,2026-09-27
gap1_maskBps_iem1_hestia_G3.1_ang90_1-10GeV,1,B,True,1,1,1-10GeV,1.0,10.0,hestia_G3.1_ang90,187.949,2096992.766,38.425,-74.203,30052.1,True,0.8595,WITHDRAWN_see_section_6.0_rigid_IEM,eb_scan_b1-10,f5dc203,2026-09-27
gap1_maskBps_iem1_hestia_G3.2_ang0_1-10GeV,1,B,True,1,1,1-10GeV,1.0,10.0,hestia_G3.2_ang0,190.019,2096993.8,36.356,-76.273,28341.2,True,0.8595,WITHDRAWN_see_section_6.0_rigid_IEM,eb_scan_b1-10,f5dc203,2026-09-27
gap1_maskBps_iem1_hestia_G3.2_ang30_1-10GeV,1,B,True,1,1,1-10GeV,1.0,10.0,hestia_G3.2_ang30,197.246,2096997.414,29.128,-83.5,29310.7,True,0.8595,WITHDRAWN_see_section_6.0_rigid_IEM,eb_scan_b1-10,f5dc203,2026-09-27
gap1_maskBps_iem1_hestia_G3.2_ang60_1-10GeV,1,B,True,1,1,1-10GeV,1.0,10.0,hestia_G3.2_ang60,173.673,2096985.628,52.702,-59.927,27500.3,True,0.8595,WITHDRAWN_see_section_6.0_rigid_IEM,eb_scan_b1-10,f5dc203,2026-09-27
gap1_maskBps_iem1_hestia_G3.2_ang90_1-10GeV,1,B,True,1,1,1-10GeV,1.0,10.0,hestia_G3.2_ang90,164.898,2096981.24,61.476,-51.152,28243.5,True,0.8595,WITHDRAWN_see_section_6.0_rigid_IEM,eb_scan_b1-10,f5dc203,2026-09-27
gap1_maskBps_iem1_vvv_1-10GeV,1,B,True,1,1,1-10GeV,1.0,10.0,vvv,226.374,2097011.978,-0.0,-112.628,16946.3,True,0.8595,WITHDRAWN_see_section_6.0_rigid_IEM,eb_scan_b1-10,f5dc203,2026-09-27
gap1_maskBps_iem1_f98_1-10GeV,1,B,True,1,1,1-10GeV,1.0,10.0,f98,199.096,2096998.339,27.279,-85.35,14165.8,True,0.8595,WITHDRAWN_see_section_6.0_rigid_IEM,eb_scan_b1-10,f5dc203,2026-09-27
gap1_maskBps_iem1_gnfw_g0.8_1-10GeV,1,B,True,1,1,1-10GeV,1.0,10.0,gnfw_g0.8,99.185,2096948.383,127.19,14.561,31814.3,True,0.8595,WITHDRAWN_see_section_6.0_rigid_IEM,eb_scan_b1-10,f5dc203,2026-09-27
gap1_maskBps_iem1_gnfw_g0.8_th1_1-10GeV,1,B,True,1,1,1-10GeV,1.0,10.0,gnfw_g0.8_th1,28.62,2096913.101,197.754,85.126,14446.7,True,0.8595,WITHDRAWN_see_section_6.0_rigid_IEM,eb_scan_b1-10,f5dc203,2026-09-27
gap1_maskBps_iem1_gnfw_g0.9_1-10GeV,1,B,True,1,1,1-10GeV,1.0,10.0,gnfw_g0.9,106.157,2096951.87,120.217,7.588,28793.3,True,0.8595,WITHDRAWN_see_section_6.0_rigid_IEM,eb_scan_b1-10,f5dc203,2026-09-27
gap1_maskBps_iem1_gnfw_g0.9_th1_1-10GeV,1,B,True,1,1,1-10GeV,1.0,10.0,gnfw_g0.9_th1,42.574,2096920.078,183.801,71.172,16716.4,True,0.8595,WITHDRAWN_see_section_6.0_rigid_IEM,eb_scan_b1-10,f5dc203,2026-09-27
gap1_maskBps_iem1_gnfw_g1.0_1-10GeV,1,B,True,1,1,1-10GeV,1.0,10.0,gnfw_g1.0,111.176,2096954.379,115.199,2.57,25749.8,True,0.8595,WITHDRAWN_see_section_6.0_rigid_IEM,eb_scan_b1-10,f5dc203,2026-09-27
gap1_maskBps_iem1_gnfw_g1.0_th1_1-10GeV,1,B,True,1,1,1-10GeV,1.0,10.0,gnfw_g1.0_th1,56.492,2096927.037,169.882,57.254,17420.4,True,0.8595,WITHDRAWN_see_section_6.0_rigid_IEM,eb_scan_b1-10,f5dc203,2026-09-27
gap1_maskBps_iem1_gnfw_g1.1_1-10GeV,1,B,True,1,1,1-10GeV,1.0,10.0,gnfw_g1.1,113.746,2096955.664,112.628,-0.0,22728.0,True,0.8595,WITHDRAWN_see_section_6.0_rigid_IEM,eb_scan_b1-10,f5dc203,2026-09-27
gap1_maskBps_iem1_gnfw_g1.1_th1_1-10GeV,1,B,True,1,1,1-10GeV,1.0,10.0,gnfw_g1.1_th1,68.373,2096932.978,158.001,45.373,16994.6,True,0.8595,WITHDRAWN_see_section_6.0_rigid_IEM,eb_scan_b1-10,f5dc203,2026-09-27
gap1_maskBps_iem1_gnfw_g1.2_1-10GeV,1,B,True,1,1,1-10GeV,1.0,10.0,gnfw_g1.2,113.509,2096955.546,112.865,0.237,19778.5,True,0.8595,WITHDRAWN_see_section_6.0_rigid_IEM,eb_scan_b1-10,f5dc203,2026-09-27
gap1_maskBps_iem1_gnfw_g1.2_th1_1-10GeV,1,B,True,1,1,1-10GeV,1.0,10.0,gnfw_g1.2_th1,76.809,2096937.195,149.566,36.937,15795.2,True,0.8595,WITHDRAWN_see_section_6.0_rigid_IEM,eb_scan_b1-10,f5dc203,2026-09-27
gap1_maskBps_iem1_gnfw_g1.3_1-10GeV,1,B,True,1,1,1-10GeV,1.0,10.0,gnfw_g1.3,110.224,2096953.903,116.15,3.522,16934.5,True,0.8595,WITHDRAWN_see_section_6.0_rigid_IEM,eb_scan_b1-10,f5dc203,2026-09-27
gap1_maskBps_iem1_gnfw_g1.3_th1_1-10GeV,1,B,True,1,1,1-10GeV,1.0,10.0,gnfw_g1.3_th1,80.926,2096939.254,145.448,32.82,14101.7,True,0.8595,WITHDRAWN_see_section_6.0_rigid_IEM,eb_scan_b1-10,f5dc203,2026-09-27
gap1_maskBps_iem1_gnfw_g1.4_1-10GeV,1,B,True,1,1,1-10GeV,1.0,10.0,gnfw_g1.4,103.702,2096950.642,122.673,10.044,14206.1,True,0.8595,WITHDRAWN_see_section_6.0_rigid_IEM,eb_scan_b1-10,f5dc203,2026-09-27
gap1_maskBps_iem1_gnfw_g1.4_th1_1-10GeV,1,B,True,1,1,1-10GeV,1.0,10.0,gnfw_g1.4_th1,80.359,2096938.971,146.015,33.387,11981.5,True,0.8595,WITHDRAWN_see_section_6.0_rigid_IEM,eb_scan_b1-10,f5dc203,2026-09-27
gap1_maskBps_iem1_hestia_G1.1_ang0_1-3GeV,1,B,True,1,1,1-3GeV,1.0,3.0,hestia_G1.1_ang0,212.424,2055361.092,-34.134,-114.074,28524.7,True,0.8152,WITHDRAWN_see_section_6.0_rigid_IEM,eb_scan_b1-3,f5dc203,2026-09-27
gap1_maskBps_iem1_hestia_G1.1_ang30_1-3GeV,1,B,True,1,1,1-3GeV,1.0,3.0,hestia_G1.1_ang30,187.428,2055348.594,-9.138,-89.077,27522.8,True,0.8152,WITHDRAWN_see_section_6.0_rigid_IEM,eb_scan_b1-3,f5dc203,2026-09-27
gap1_maskBps_iem1_hestia_G1.1_ang60_1-3GeV,1,B,True,1,1,1-3GeV,1.0,3.0,hestia_G1.1_ang60,185.725,2055347.742,-7.436,-87.375,27649.3,True,0.8152,WITHDRAWN_see_section_6.0_rigid_IEM,eb_scan_b1-3,f5dc203,2026-09-27
gap1_maskBps_iem1_hestia_G1.1_ang90_1-3GeV,1,B,True,1,1,1-3GeV,1.0,3.0,hestia_G1.1_ang90,150.091,2055329.925,28.199,-51.74,23632.7,True,0.8152,WITHDRAWN_see_section_6.0_rigid_IEM,eb_scan_b1-3,f5dc203,2026-09-27
gap1_maskBps_iem1_hestia_G1.2_ang0_1-3GeV,1,B,True,1,1,1-3GeV,1.0,3.0,hestia_G1.2_ang0,155.871,2055332.815,22.419,-57.52,23740.3,True,0.8152,WITHDRAWN_see_section_6.0_rigid_IEM,eb_scan_b1-3,f5dc203,2026-09-27
gap1_maskBps_iem1_hestia_G1.2_ang30_1-3GeV,1,B,True,1,1,1-3GeV,1.0,3.0,hestia_G1.2_ang30,182.587,2055346.173,-4.297,-84.236,27642.3,True,0.8152,WITHDRAWN_see_section_6.0_rigid_IEM,eb_scan_b1-3,f5dc203,2026-09-27
gap1_maskBps_iem1_hestia_G1.2_ang60_1-3GeV,1,B,True,1,1,1-3GeV,1.0,3.0,hestia_G1.2_ang60,166.364,2055338.061,11.926,-68.013,27478.6,True,0.8152,WITHDRAWN_see_section_6.0_rigid_IEM,eb_scan_b1-3,f5dc203,2026-09-27
gap1_maskBps_iem1_hestia_G1.2_ang90_1-3GeV,1,B,True,1,1,1-3GeV,1.0,3.0,hestia_G1.2_ang90,186.679,2055348.219,-8.39,-88.329,30111.8,True,0.8152,WITHDRAWN_see_section_6.0_rigid_IEM,eb_scan_b1-3,f5dc203,2026-09-27
gap1_maskBps_iem1_hestia_G2.1_ang0_1-3GeV,1,B,True,1,1,1-3GeV,1.0,3.0,hestia_G2.1_ang0,208.288,2055359.024,-29.998,-109.938,33303.9,True,0.8152,WITHDRAWN_see_section_6.0_rigid_IEM,eb_scan_b1-3,f5dc203,2026-09-27
gap1_maskBps_iem1_hestia_G2.1_ang30_1-3GeV,1,B,True,1,1,1-3GeV,1.0,3.0,hestia_G2.1_ang30,185.118,2055347.439,-6.829,-86.768,31968.2,True,0.8152,WITHDRAWN_see_section_6.0_rigid_IEM,eb_scan_b1-3,f5dc203,2026-09-27
gap1_maskBps_iem1_hestia_G2.1_ang60_1-3GeV,1,B,True,1,1,1-3GeV,1.0,3.0,hestia_G2.1_ang60,188.577,2055349.168,-10.288,-90.227,32293.4,True,0.8152,WITHDRAWN_see_section_6.0_rigid_IEM,eb_scan_b1-3,f5dc203,2026-09-27
gap1_maskBps_iem1_hestia_G2.1_ang90_1-3GeV,1,B,True,1,1,1-3GeV,1.0,3.0,hestia_G2.1_ang90,222.214,2055365.987,-43.924,-123.864,34875.3,True,0.8152,WITHDRAWN_see_section_6.0_rigid_IEM,eb_scan_b1-3,f5dc203,2026-09-27
gap1_maskBps_iem1_hestia_G2.2_ang0_1-3GeV,1,B,True,1,1,1-3GeV,1.0,3.0,hestia_G2.2_ang0,170.328,2055340.044,7.962,-71.978,24032.6,True,0.8152,WITHDRAWN_see_section_6.0_rigid_IEM,eb_scan_b1-3,f5dc203,2026-09-27
gap1_maskBps_iem1_hestia_G2.2_ang30_1-3GeV,1,B,True,1,1,1-3GeV,1.0,3.0,hestia_G2.2_ang30,166.533,2055338.146,11.756,-68.183,25473.2,True,0.8152,WITHDRAWN_see_section_6.0_rigid_IEM,eb_scan_b1-3,f5dc203,2026-09-27
gap1_maskBps_iem1_hestia_G2.2_ang60_1-3GeV,1,B,True,1,1,1-3GeV,1.0,3.0,hestia_G2.2_ang60,159.448,2055334.603,18.842,-61.097,25009.2,True,0.8152,WITHDRAWN_see_section_6.0_rigid_IEM,eb_scan_b1-3,f5dc203,2026-09-27
gap1_maskBps_iem1_hestia_G2.2_ang90_1-3GeV,1,B,True,1,1,1-3GeV,1.0,3.0,hestia_G2.2_ang90,166.408,2055338.084,11.882,-68.058,24564.2,True,0.8152,WITHDRAWN_see_section_6.0_rigid_IEM,eb_scan_b1-3,f5dc203,2026-09-27
gap1_maskBps_iem1_hestia_G3.1_ang0_1-3GeV,1,B,True,1,1,1-3GeV,1.0,3.0,hestia_G3.1_ang0,137.16,2055323.46,41.13,-38.81,23142.0,True,0.8152,WITHDRAWN_see_section_6.0_rigid_IEM,eb_scan_b1-3,f5dc203,2026-09-27
gap1_maskBps_iem1_hestia_G3.1_ang30_1-3GeV,1,B,True,1,1,1-3GeV,1.0,3.0,hestia_G3.1_ang30,145.284,2055327.522,33.005,-46.934,24070.2,True,0.8152,WITHDRAWN_see_section_6.0_rigid_IEM,eb_scan_b1-3,f5dc203,2026-09-27
gap1_maskBps_iem1_hestia_G3.1_ang60_1-3GeV,1,B,True,1,1,1-3GeV,1.0,3.0,hestia_G3.1_ang60,158.189,2055333.974,20.1,-59.839,24475.5,True,0.8152,WITHDRAWN_see_section_6.0_rigid_IEM,eb_scan_b1-3,f5dc203,2026-09-27
gap1_maskBps_iem1_hestia_G3.1_ang90_1-3GeV,1,B,True,1,1,1-3GeV,1.0,3.0,hestia_G3.1_ang90,142.531,2055326.145,35.759,-44.181,22765.4,True,0.8152,WITHDRAWN_see_section_6.0_rigid_IEM,eb_scan_b1-3,f5dc203,2026-09-27
gap1_maskBps_iem1_hestia_G3.2_ang0_1-3GeV,1,B,True,1,1,1-3GeV,1.0,3.0,hestia_G3.2_ang0,165.737,2055337.748,12.553,-67.387,23996.9,True,0.8152,WITHDRAWN_see_section_6.0_rigid_IEM,eb_scan_b1-3,f5dc203,2026-09-27
gap1_maskBps_iem1_hestia_G3.2_ang30_1-3GeV,1,B,True,1,1,1-3GeV,1.0,3.0,hestia_G3.2_ang30,171.656,2055340.708,6.634,-73.305,24747.7,True,0.8152,WITHDRAWN_see_section_6.0_rigid_IEM,eb_scan_b1-3,f5dc203,2026-09-27
gap1_maskBps_iem1_hestia_G3.2_ang60_1-3GeV,1,B,True,1,1,1-3GeV,1.0,3.0,hestia_G3.2_ang60,148.97,2055329.365,29.32,-50.62,22889.1,True,0.8152,WITHDRAWN_see_section_6.0_rigid_IEM,eb_scan_b1-3,f5dc203,2026-09-27
gap1_maskBps_iem1_hestia_G3.2_ang90_1-3GeV,1,B,True,1,1,1-3GeV,1.0,3.0,hestia_G3.2_ang90,128.149,2055318.954,50.141,-29.798,21826.9,True,0.8152,WITHDRAWN_see_section_6.0_rigid_IEM,eb_scan_b1-3,f5dc203,2026-09-27
gap1_maskBps_iem1_vvv_1-3GeV,1,B,True,1,1,1-3GeV,1.0,3.0,vvv,178.29,2055344.025,-0.0,-79.939,13414.0,True,0.8152,WITHDRAWN_see_section_6.0_rigid_IEM,eb_scan_b1-3,f5dc203,2026-09-27
gap1_maskBps_iem1_f98_1-3GeV,1,B,True,1,1,1-3GeV,1.0,3.0,f98,160.344,2055335.052,17.946,-61.994,11288.8,True,0.8152,WITHDRAWN_see_section_6.0_rigid_IEM,eb_scan_b1-3,f5dc203,2026-09-27
gap1_maskBps_iem1_gnfw_g0.8_1-3GeV,1,B,True,1,1,1-3GeV,1.0,3.0,gnfw_g0.8,80.219,2055294.989,98.071,18.132,24332.4,True,0.8152,WITHDRAWN_see_section_6.0_rigid_IEM,eb_scan_b1-3,f5dc203,2026-09-27
gap1_maskBps_iem1_gnfw_g0.8_th1_1-3GeV,1,B,True,1,1,1-3GeV,1.0,3.0,gnfw_g0.8_th1,23.229,2055266.494,155.061,75.121,10608.4,True,0.8152,WITHDRAWN_see_section_6.0_rigid_IEM,eb_scan_b1-3,f5dc203,2026-09-27
gap1_maskBps_iem1_gnfw_g0.9_1-3GeV,1,B,True,1,1,1-3GeV,1.0,3.0,gnfw_g0.9,87.071,2055298.415,91.218,11.279,22440.3,True,0.8152,WITHDRAWN_see_section_6.0_rigid_IEM,eb_scan_b1-3,f5dc203,2026-09-27
gap1_maskBps_iem1_gnfw_g0.9_th1_1-3GeV,1,B,True,1,1,1-3GeV,1.0,3.0,gnfw_g0.9_th1,34.587,2055272.173,143.703,63.763,12731.2,True,0.8152,WITHDRAWN_see_section_6.0_rigid_IEM,eb_scan_b1-3,f5dc203,2026-09-27
gap1_maskBps_iem1_gnfw_g1.0_1-3GeV,1,B,True,1,1,1-3GeV,1.0,3.0,gnfw_g1.0,92.728,2055301.243,85.562,5.623,20510.4,True,0.8152,WITHDRAWN_see_section_6.0_rigid_IEM,eb_scan_b1-3,f5dc203,2026-09-27
gap1_maskBps_iem1_gnfw_g1.0_th1_1-3GeV,1,B,True,1,1,1-3GeV,1.0,3.0,gnfw_g1.0_th1,46.637,2055278.198,131.653,51.713,13700.1,True,0.8152,WITHDRAWN_see_section_6.0_rigid_IEM,eb_scan_b1-3,f5dc203,2026-09-27
gap1_maskBps_iem1_gnfw_g1.1_1-3GeV,1,B,True,1,1,1-3GeV,1.0,3.0,gnfw_g1.1,96.655,2055303.207,81.634,1.695,18534.5,True,0.8152,WITHDRAWN_see_section_6.0_rigid_IEM,eb_scan_b1-3,f5dc203,2026-09-27
gap1_maskBps_iem1_gnfw_g1.1_th1_1-3GeV,1,B,True,1,1,1-3GeV,1.0,3.0,gnfw_g1.1_th1,57.716,2055283.738,120.574,40.635,13789.7,True,0.8152,WITHDRAWN_see_section_6.0_rigid_IEM,eb_scan_b1-3,f5dc203,2026-09-27
gap1_maskBps_iem1_gnfw_g1.2_1-3GeV,1,B,True,1,1,1-3GeV,1.0,3.0,gnfw_g1.2,98.35,2055304.055,79.939,-0.0,16518.9,True,0.8152,WITHDRAWN_see_section_6.0_rigid_IEM,eb_scan_b1-3,f5dc203,2026-09-27
gap1_maskBps_iem1_gnfw_g1.2_th1_1-3GeV,1,B,True,1,1,1-3GeV,1.0,3.0,gnfw_g1.2_th1,66.449,2055288.104,111.841,31.901,13211.2,True,0.8152,WITHDRAWN_see_section_6.0_rigid_IEM,eb_scan_b1-3,f5dc203,2026-09-27
gap1_maskBps_iem1_gnfw_g1.3_1-3GeV,1,B,True,1,1,1-3GeV,1.0,3.0,gnfw_g1.3,97.374,2055303.567,80.915,0.976,14471.5,True,0.8152,WITHDRAWN_see_section_6.0_rigid_IEM,eb_scan_b1-3,f5dc203,2026-09-27
gap1_maskBps_iem1_gnfw_g1.3_th1_1-3GeV,1,B,True,1,1,1-3GeV,1.0,3.0,gnfw_g1.3_th1,71.768,2055290.763,106.522,26.583,12135.1,True,0.8152,WITHDRAWN_see_section_6.0_rigid_IEM,eb_scan_b1-3,f5dc203,2026-09-27
gap1_maskBps_iem1_gnfw_g1.4_1-3GeV,1,B,True,1,1,1-3GeV,1.0,3.0,gnfw_g1.4,93.345,2055301.552,84.944,5.005,12399.4,True,0.8152,WITHDRAWN_see_section_6.0_rigid_IEM,eb_scan_b1-3,f5dc203,2026-09-27
gap1_maskBps_iem1_gnfw_g1.4_th1_1-3GeV,1,B,True,1,1,1-3GeV,1.0,3.0,gnfw_g1.4_th1,72.989,2055291.374,105.301,25.361,10566.4,True,0.8152,WITHDRAWN_see_section_6.0_rigid_IEM,eb_scan_b1-3,f5dc203,2026-09-27
gap1_maskBps_iem1_hestia_G1.1_ang0_10-50GeV,1,B,True,1,1,10-50GeV,10.0,50.0,hestia_G1.1_ang0,0.0,-159402.622,0.0,0.0,0.0,True,0.9434,WITHDRAWN_see_section_6.0_rigid_IEM,eb_scan_b10-50,f5dc203,2026-09-27
gap1_maskBps_iem1_hestia_G1.1_ang30_10-50GeV,1,B,True,1,1,10-50GeV,10.0,50.0,hestia_G1.1_ang30,0.0,-159402.622,-0.0,0.0,0.0,True,0.9434,WITHDRAWN_see_section_6.0_rigid_IEM,eb_scan_b10-50,f5dc203,2026-09-27
gap1_maskBps_iem1_hestia_G1.1_ang60_10-50GeV,1,B,True,1,1,10-50GeV,10.0,50.0,hestia_G1.1_ang60,0.0,-159402.622,-0.0,0.0,0.0,True,0.9434,WITHDRAWN_see_section_6.0_rigid_IEM,eb_scan_b10-50,f5dc203,2026-09-27
gap1_maskBps_iem1_hestia_G1.1_ang90_10-50GeV,1,B,True,1,1,10-50GeV,10.0,50.0,hestia_G1.1_ang90,0.0,-159402.622,-0.0,0.0,0.0,True,0.9434,WITHDRAWN_see_section_6.0_rigid_IEM,eb_scan_b10-50,f5dc203,2026-09-27
gap1_maskBps_iem1_hestia_G1.2_ang0_10-50GeV,1,B,True,1,1,10-50GeV,10.0,50.0,hestia_G1.2_ang0,0.0,-159402.622,-0.0,0.0,0.0,True,0.9434,WITHDRAWN_see_section_6.0_rigid_IEM,eb_scan_b10-50,f5dc203,2026-09-27
gap1_maskBps_iem1_hestia_G1.2_ang30_10-50GeV,1,B,True,1,1,10-50GeV,10.0,50.0,hestia_G1.2_ang30,0.0,-159402.622,-0.0,0.0,0.0,True,0.9434,WITHDRAWN_see_section_6.0_rigid_IEM,eb_scan_b10-50,f5dc203,2026-09-27
gap1_maskBps_iem1_hestia_G1.2_ang60_10-50GeV,1,B,True,1,1,10-50GeV,10.0,50.0,hestia_G1.2_ang60,0.0,-159402.622,-0.0,0.0,0.0,True,0.9434,WITHDRAWN_see_section_6.0_rigid_IEM,eb_scan_b10-50,f5dc203,2026-09-27
gap1_maskBps_iem1_hestia_G1.2_ang90_10-50GeV,1,B,True,1,1,10-50GeV,10.0,50.0,hestia_G1.2_ang90,0.0,-159402.622,-0.0,0.0,0.0,True,0.9434,WITHDRAWN_see_section_6.0_rigid_IEM,eb_scan_b10-50,f5dc203,2026-09-27
gap1_maskBps_iem1_hestia_G2.1_ang0_10-50GeV,1,B,True,1,1,10-50GeV,10.0,50.0,hestia_G2.1_ang0,0.0,-159402.622,-0.0,0.0,0.0,True,0.9434,WITHDRAWN_see_section_6.0_rigid_IEM,eb_scan_b10-50,f5dc203,2026-09-27
gap1_maskBps_iem1_hestia_G2.1_ang30_10-50GeV,1,B,True,1,1,10-50GeV,10.0,50.0,hestia_G2.1_ang30,0.0,-159402.622,-0.0,0.0,0.0,True,0.9434,WITHDRAWN_see_section_6.0_rigid_IEM,eb_scan_b10-50,f5dc203,2026-09-27
gap1_maskBps_iem1_hestia_G2.1_ang60_10-50GeV,1,B,True,1,1,10-50GeV,10.0,50.0,hestia_G2.1_ang60,0.0,-159402.622,-0.0,0.0,0.0,True,0.9434,WITHDRAWN_see_section_6.0_rigid_IEM,eb_scan_b10-50,f5dc203,2026-09-27
gap1_maskBps_iem1_hestia_G2.1_ang90_10-50GeV,1,B,True,1,1,10-50GeV,10.0,50.0,hestia_G2.1_ang90,0.0,-159402.622,-0.0,0.0,0.0,True,0.9434,WITHDRAWN_see_section_6.0_rigid_IEM,eb_scan_b10-50,f5dc203,2026-09-27
gap1_maskBps_iem1_hestia_G2.2_ang0_10-50GeV,1,B,True,1,1,10-50GeV,10.0,50.0,hestia_G2.2_ang0,0.0,-159402.622,0.0,0.0,0.0,True,0.9434,WITHDRAWN_see_section_6.0_rigid_IEM,eb_scan_b10-50,f5dc203,2026-09-27
gap1_maskBps_iem1_hestia_G2.2_ang30_10-50GeV,1,B,True,1,1,10-50GeV,10.0,50.0,hestia_G2.2_ang30,0.0,-159402.622,-0.0,0.0,0.0,True,0.9434,WITHDRAWN_see_section_6.0_rigid_IEM,eb_scan_b10-50,f5dc203,2026-09-27
gap1_maskBps_iem1_hestia_G2.2_ang60_10-50GeV,1,B,True,1,1,10-50GeV,10.0,50.0,hestia_G2.2_ang60,0.0,-159402.622,-0.0,0.0,0.0,True,0.9434,WITHDRAWN_see_section_6.0_rigid_IEM,eb_scan_b10-50,f5dc203,2026-09-27
gap1_maskBps_iem1_hestia_G2.2_ang90_10-50GeV,1,B,True,1,1,10-50GeV,10.0,50.0,hestia_G2.2_ang90,0.0,-159402.622,-0.0,0.0,0.0,True,0.9434,WITHDRAWN_see_section_6.0_rigid_IEM,eb_scan_b10-50,f5dc203,2026-09-27
gap1_maskBps_iem1_hestia_G3.1_ang0_10-50GeV,1,B,True,1,1,10-50GeV,10.0,50.0,hestia_G3.1_ang0,0.0,-159402.622,-0.0,0.0,0.0,True,0.9434,WITHDRAWN_see_section_6.0_rigid_IEM,eb_scan_b10-50,f5dc203,2026-09-27
gap1_maskBps_iem1_hestia_G3.1_ang30_10-50GeV,1,B,True,1,1,10-50GeV,10.0,50.0,hestia_G3.1_ang30,0.0,-159402.622,-0.0,0.0,0.0,True,0.9434,WITHDRAWN_see_section_6.0_rigid_IEM,eb_scan_b10-50,f5dc203,2026-09-27
gap1_maskBps_iem1_hestia_G3.1_ang60_10-50GeV,1,B,True,1,1,10-50GeV,10.0,50.0,hestia_G3.1_ang60,0.0,-159402.622,-0.0,0.0,0.0,True,0.9434,WITHDRAWN_see_section_6.0_rigid_IEM,eb_scan_b10-50,f5dc203,2026-09-27
gap1_maskBps_iem1_hestia_G3.1_ang90_10-50GeV,1,B,True,1,1,10-50GeV,10.0,50.0,hestia_G3.1_ang90,0.0,-159402.622,-0.0,0.0,0.0,True,0.9434,WITHDRAWN_see_section_6.0_rigid_IEM,eb_scan_b10-50,f5dc203,2026-09-27
gap1_maskBps_iem1_hestia_G3.2_ang0_10-50GeV,1,B,True,1,1,10-50GeV,10.0,50.0,hestia_G3.2_ang0,0.0,-159402.622,0.0,0.0,0.0,True,0.9434,WITHDRAWN_see_section_6.0_rigid_IEM,eb_scan_b10-50,f5dc203,2026-09-27
gap1_maskBps_iem1_hestia_G3.2_ang30_10-50GeV,1,B,True,1,1,10-50GeV,10.0,50.0,hestia_G3.2_ang30,0.0,-159402.622,0.0,0.0,0.0,True,0.9434,WITHDRAWN_see_section_6.0_rigid_IEM,eb_scan_b10-50,f5dc203,2026-09-27
gap1_maskBps_iem1_hestia_G3.2_ang60_10-50GeV,1,B,True,1,1,10-50GeV,10.0,50.0,hestia_G3.2_ang60,0.0,-159402.622,0.0,0.0,0.0,True,0.9434,WITHDRAWN_see_section_6.0_rigid_IEM,eb_scan_b10-50,f5dc203,2026-09-27
gap1_maskBps_iem1_hestia_G3.2_ang90_10-50GeV,1,B,True,1,1,10-50GeV,10.0,50.0,hestia_G3.2_ang90,0.0,-159402.622,-0.0,0.0,0.0,True,0.9434,WITHDRAWN_see_section_6.0_rigid_IEM,eb_scan_b10-50,f5dc203,2026-09-27
gap1_maskBps_iem1_vvv_10-50GeV,1,B,True,1,1,10-50GeV,10.0,50.0,vvv,0.0,-159402.622,-0.0,0.0,0.0,True,0.9434,WITHDRAWN_see_section_6.0_rigid_IEM,eb_scan_b10-50,f5dc203,2026-09-27
gap1_maskBps_iem1_f98_10-50GeV,1,B,True,1,1,10-50GeV,10.0,50.0,f98,0.0,-159402.622,-0.0,0.0,0.0,True,0.9434,WITHDRAWN_see_section_6.0_rigid_IEM,eb_scan_b10-50,f5dc203,2026-09-27
gap1_maskBps_iem1_gnfw_g0.8_10-50GeV,1,B,True,1,1,10-50GeV,10.0,50.0,gnfw_g0.8,0.0,-159402.622,-0.0,0.0,0.0,True,0.9434,WITHDRAWN_see_section_6.0_rigid_IEM,eb_scan_b10-50,f5dc203,2026-09-27
gap1_maskBps_iem1_gnfw_g0.8_th1_10-50GeV,1,B,True,1,1,10-50GeV,10.0,50.0,gnfw_g0.8_th1,0.0,-159402.622,-0.0,-0.0,0.0,True,0.9434,WITHDRAWN_see_section_6.0_rigid_IEM,eb_scan_b10-50,f5dc203,2026-09-27
gap1_maskBps_iem1_gnfw_g0.9_10-50GeV,1,B,True,1,1,10-50GeV,10.0,50.0,gnfw_g0.9,0.0,-159402.622,-0.0,-0.0,0.0,True,0.9434,WITHDRAWN_see_section_6.0_rigid_IEM,eb_scan_b10-50,f5dc203,2026-09-27
gap1_maskBps_iem1_gnfw_g0.9_th1_10-50GeV,1,B,True,1,1,10-50GeV,10.0,50.0,gnfw_g0.9_th1,0.0,-159402.622,-0.0,-0.0,0.0,True,0.9434,WITHDRAWN_see_section_6.0_rigid_IEM,eb_scan_b10-50,f5dc203,2026-09-27
gap1_maskBps_iem1_gnfw_g1.0_10-50GeV,1,B,True,1,1,10-50GeV,10.0,50.0,gnfw_g1.0,0.0,-159402.622,0.0,0.0,0.0,True,0.9434,WITHDRAWN_see_section_6.0_rigid_IEM,eb_scan_b10-50,f5dc203,2026-09-27
gap1_maskBps_iem1_gnfw_g1.0_th1_10-50GeV,1,B,True,1,1,10-50GeV,10.0,50.0,gnfw_g1.0_th1,0.0,-159402.622,0.0,0.0,0.0,True,0.9434,WITHDRAWN_see_section_6.0_rigid_IEM,eb_scan_b10-50,f5dc203,2026-09-27
gap1_maskBps_iem1_gnfw_g1.1_10-50GeV,1,B,True,1,1,10-50GeV,10.0,50.0,gnfw_g1.1,0.0,-159402.622,0.0,0.0,0.0,True,0.9434,WITHDRAWN_see_section_6.0_rigid_IEM,eb_scan_b10-50,f5dc203,2026-09-27
gap1_maskBps_iem1_gnfw_g1.1_th1_10-50GeV,1,B,True,1,1,10-50GeV,10.0,50.0,gnfw_g1.1_th1,0.0,-159402.622,0.0,0.0,0.0,True,0.9434,WITHDRAWN_see_section_6.0_rigid_IEM,eb_scan_b10-50,f5dc203,2026-09-27
gap1_maskBps_iem1_gnfw_g1.2_10-50GeV,1,B,True,1,1,10-50GeV,10.0,50.0,gnfw_g1.2,0.0,-159402.622,0.0,0.0,0.0,True,0.9434,WITHDRAWN_see_section_6.0_rigid_IEM,eb_scan_b10-50,f5dc203,2026-09-27
gap1_maskBps_iem1_gnfw_g1.2_th1_10-50GeV,1,B,True,1,1,10-50GeV,10.0,50.0,gnfw_g1.2_th1,0.0,-159402.622,0.0,0.0,0.0,True,0.9434,WITHDRAWN_see_section_6.0_rigid_IEM,eb_scan_b10-50,f5dc203,2026-09-27
gap1_maskBps_iem1_gnfw_g1.3_10-50GeV,1,B,True,1,1,10-50GeV,10.0,50.0,gnfw_g1.3,0.0,-159402.622,-0.0,0.0,0.0,True,0.9434,WITHDRAWN_see_section_6.0_rigid_IEM,eb_scan_b10-50,f5dc203,2026-09-27
gap1_maskBps_iem1_gnfw_g1.3_th1_10-50GeV,1,B,True,1,1,10-50GeV,10.0,50.0,gnfw_g1.3_th1,0.0,-159402.622,-0.0,0.0,0.0,True,0.9434,WITHDRAWN_see_section_6.0_rigid_IEM,eb_scan_b10-50,f5dc203,2026-09-27
gap1_maskBps_iem1_gnfw_g1.4_10-50GeV,1,B,True,1,1,10-50GeV,10.0,50.0,gnfw_g1.4,0.0,-159402.622,-0.0,0.0,0.0,True,0.9434,WITHDRAWN_see_section_6.0_rigid_IEM,eb_scan_b10-50,f5dc203,2026-09-27
gap1_maskBps_iem1_gnfw_g1.4_th1_10-50GeV,1,B,True,1,1,10-50GeV,10.0,50.0,gnfw_g1.4_th1,0.0,-159402.622,-0.0,0.0,0.0,True,0.9434,WITHDRAWN_see_section_6.0_rigid_IEM,eb_scan_b10-50,f5dc203,2026-09-27
gap1_maskBps_iem1_hestia_G1.1_ang0_3-10GeV,1,B,True,1,1,3-10GeV,3.0,10.0,hestia_G1.1_ang0,58.267,41673.045,-10.182,-39.181,7446.0,True,0.9037,WITHDRAWN_see_section_6.0_rigid_IEM,eb_scan_b3-10,f5dc203,2026-09-27
gap1_maskBps_iem1_hestia_G1.1_ang30_3-10GeV,1,B,True,1,1,3-10GeV,3.0,10.0,hestia_G1.1_ang30,56.688,41672.256,-8.604,-37.602,7566.1,True,0.9037,WITHDRAWN_see_section_6.0_rigid_IEM,eb_scan_b3-10,f5dc203,2026-09-27
gap1_maskBps_iem1_hestia_G1.1_ang60_3-10GeV,1,B,True,1,1,3-10GeV,3.0,10.0,hestia_G1.1_ang60,58.51,41673.167,-10.426,-39.424,7880.9,True,0.9037,WITHDRAWN_see_section_6.0_rigid_IEM,eb_scan_b3-10,f5dc203,2026-09-27
gap1_maskBps_iem1_hestia_G1.1_ang90_3-10GeV,1,B,True,1,1,3-10GeV,3.0,10.0,hestia_G1.1_ang90,51.822,41669.823,-3.738,-32.736,7250.4,True,0.9037,WITHDRAWN_see_section_6.0_rigid_IEM,eb_scan_b3-10,f5dc203,2026-09-27
gap1_maskBps_iem1_hestia_G1.2_ang0_3-10GeV,1,B,True,1,1,3-10GeV,3.0,10.0,hestia_G1.2_ang0,43.207,41665.515,4.877,-24.121,6396.9,True,0.9037,WITHDRAWN_see_section_6.0_rigid_IEM,eb_scan_b3-10,f5dc203,2026-09-27
gap1_maskBps_iem1_hestia_G1.2_ang30_3-10GeV,1,B,True,1,1,3-10GeV,3.0,10.0,hestia_G1.2_ang30,55.604,41671.713,-7.519,-36.518,8020.9,True,0.9037,WITHDRAWN_see_section_6.0_rigid_IEM,eb_scan_b3-10,f5dc203,2026-09-27
gap1_maskBps_iem1_hestia_G1.2_ang60_3-10GeV,1,B,True,1,1,3-10GeV,3.0,10.0,hestia_G1.2_ang60,63.084,41675.454,-15.0,-43.998,8964.8,True,0.9037,WITHDRAWN_see_section_6.0_rigid_IEM,eb_scan_b3-10,f5dc203,2026-09-27
gap1_maskBps_iem1_hestia_G1.2_ang90_3-10GeV,1,B,True,1,1,3-10GeV,3.0,10.0,hestia_G1.2_ang90,67.037,41677.43,-18.953,-47.951,9622.1,True,0.9037,WITHDRAWN_see_section_6.0_rigid_IEM,eb_scan_b3-10,f5dc203,2026-09-27
gap1_maskBps_iem1_hestia_G2.1_ang0_3-10GeV,1,B,True,1,1,3-10GeV,3.0,10.0,hestia_G2.1_ang0,68.714,41678.269,-20.63,-49.628,10393.0,True,0.9037,WITHDRAWN_see_section_6.0_rigid_IEM,eb_scan_b3-10,f5dc203,2026-09-27
gap1_maskBps_iem1_hestia_G2.1_ang30_3-10GeV,1,B,True,1,1,3-10GeV,3.0,10.0,hestia_G2.1_ang30,64.117,41675.97,-16.032,-45.031,9963.1,True,0.9037,WITHDRAWN_see_section_6.0_rigid_IEM,eb_scan_b3-10,f5dc203,2026-09-27
gap1_maskBps_iem1_hestia_G2.1_ang60_3-10GeV,1,B,True,1,1,3-10GeV,3.0,10.0,hestia_G2.1_ang60,59.474,41673.649,-11.39,-40.388,9481.4,True,0.9037,WITHDRAWN_see_section_6.0_rigid_IEM,eb_scan_b3-10,f5dc203,2026-09-27
gap1_maskBps_iem1_hestia_G2.1_ang90_3-10GeV,1,B,True,1,1,3-10GeV,3.0,10.0,hestia_G2.1_ang90,64.265,41676.044,-16.181,-45.179,10002.5,True,0.9037,WITHDRAWN_see_section_6.0_rigid_IEM,eb_scan_b3-10,f5dc203,2026-09-27
gap1_maskBps_iem1_hestia_G2.2_ang0_3-10GeV,1,B,True,1,1,3-10GeV,3.0,10.0,hestia_G2.2_ang0,46.636,41667.229,1.449,-27.55,6492.5,True,0.9037,WITHDRAWN_see_section_6.0_rigid_IEM,eb_scan_b3-10,f5dc203,2026-09-27
gap1_maskBps_iem1_hestia_G2.2_ang30_3-10GeV,1,B,True,1,1,3-10GeV,3.0,10.0,hestia_G2.2_ang30,50.448,41669.136,-2.364,-31.362,7567.6,True,0.9037,WITHDRAWN_see_section_6.0_rigid_IEM,eb_scan_b3-10,f5dc203,2026-09-27
gap1_maskBps_iem1_hestia_G2.2_ang60_3-10GeV,1,B,True,1,1,3-10GeV,3.0,10.0,hestia_G2.2_ang60,55.088,41671.455,-7.003,-36.002,7905.1,True,0.9037,WITHDRAWN_see_section_6.0_rigid_IEM,eb_scan_b3-10,f5dc203,2026-09-27
gap1_maskBps_iem1_hestia_G2.2_ang90_3-10GeV,1,B,True,1,1,3-10GeV,3.0,10.0,hestia_G2.2_ang90,48.908,41668.366,-0.824,-29.822,6966.8,True,0.9037,WITHDRAWN_see_section_6.0_rigid_IEM,eb_scan_b3-10,f5dc203,2026-09-27
gap1_maskBps_iem1_hestia_G3.1_ang0_3-10GeV,1,B,True,1,1,3-10GeV,3.0,10.0,hestia_G3.1_ang0,37.738,41662.78,10.346,-18.652,6881.5,True,0.9037,WITHDRAWN_see_section_6.0_rigid_IEM,eb_scan_b3-10,f5dc203,2026-09-27
gap1_maskBps_iem1_hestia_G3.1_ang30_3-10GeV,1,B,True,1,1,3-10GeV,3.0,10.0,hestia_G3.1_ang30,47.846,41667.834,0.239,-28.76,7998.6,True,0.9037,WITHDRAWN_see_section_6.0_rigid_IEM,eb_scan_b3-10,f5dc203,2026-09-27
gap1_maskBps_iem1_hestia_G3.1_ang60_3-10GeV,1,B,True,1,1,3-10GeV,3.0,10.0,hestia_G3.1_ang60,52.029,41669.926,-3.945,-32.943,8052.5,True,0.9037,WITHDRAWN_see_section_6.0_rigid_IEM,eb_scan_b3-10,f5dc203,2026-09-27
gap1_maskBps_iem1_hestia_G3.1_ang90_3-10GeV,1,B,True,1,1,3-10GeV,3.0,10.0,hestia_G3.1_ang90,45.418,41666.621,2.666,-26.332,7286.7,True,0.9037,WITHDRAWN_see_section_6.0_rigid_IEM,eb_scan_b3-10,f5dc203,2026-09-27
gap1_maskBps_iem1_hestia_G3.2_ang0_3-10GeV,1,B,True,1,1,3-10GeV,3.0,10.0,hestia_G3.2_ang0,24.281,41656.052,23.803,-5.195,4344.3,True,0.9037,WITHDRAWN_see_section_6.0_rigid_IEM,eb_scan_b3-10,f5dc203,2026-09-27
gap1_maskBps_iem1_hestia_G3.2_ang30_3-10GeV,1,B,True,1,1,3-10GeV,3.0,10.0,hestia_G3.2_ang30,25.591,41656.707,22.494,-6.505,4563.0,True,0.9037,WITHDRAWN_see_section_6.0_rigid_IEM,eb_scan_b3-10,f5dc203,2026-09-27
gap1_maskBps_iem1_hestia_G3.2_ang60_3-10GeV,1,B,True,1,1,3-10GeV,3.0,10.0,hestia_G3.2_ang60,24.702,41656.263,23.382,-5.616,4611.3,True,0.9037,WITHDRAWN_see_section_6.0_rigid_IEM,eb_scan_b3-10,f5dc203,2026-09-27
gap1_maskBps_iem1_hestia_G3.2_ang90_3-10GeV,1,B,True,1,1,3-10GeV,3.0,10.0,hestia_G3.2_ang90,36.749,41662.286,11.335,-17.663,6416.6,True,0.9037,WITHDRAWN_see_section_6.0_rigid_IEM,eb_scan_b3-10,f5dc203,2026-09-27
gap1_maskBps_iem1_vvv_3-10GeV,1,B,True,1,1,3-10GeV,3.0,10.0,vvv,48.084,41667.954,-0.0,-28.998,3532.3,True,0.9037,WITHDRAWN_see_section_6.0_rigid_IEM,eb_scan_b3-10,f5dc203,2026-09-27
gap1_maskBps_iem1_f98_3-10GeV,1,B,True,1,1,3-10GeV,3.0,10.0,f98,38.751,41663.287,9.333,-19.665,2877.0,True,0.9037,WITHDRAWN_see_section_6.0_rigid_IEM,eb_scan_b3-10,f5dc203,2026-09-27
gap1_maskBps_iem1_gnfw_g0.8_3-10GeV,1,B,True,1,1,3-10GeV,3.0,10.0,gnfw_g0.8,18.966,41653.394,29.119,0.12,7481.9,True,0.9037,WITHDRAWN_see_section_6.0_rigid_IEM,eb_scan_b3-10,f5dc203,2026-09-27
gap1_maskBps_iem1_gnfw_g0.8_th1_3-10GeV,1,B,True,1,1,3-10GeV,3.0,10.0,gnfw_g0.8_th1,5.391,41646.607,42.693,13.695,3838.3,True,0.9037,WITHDRAWN_see_section_6.0_rigid_IEM,eb_scan_b3-10,f5dc203,2026-09-27
gap1_maskBps_iem1_gnfw_g0.9_3-10GeV,1,B,True,1,1,3-10GeV,3.0,10.0,gnfw_g0.9,19.086,41653.455,28.998,-0.0,6353.0,True,0.9037,WITHDRAWN_see_section_6.0_rigid_IEM,eb_scan_b3-10,f5dc203,2026-09-27
gap1_maskBps_iem1_gnfw_g0.9_th1_3-10GeV,1,B,True,1,1,3-10GeV,3.0,10.0,gnfw_g0.9_th1,7.987,41647.905,40.098,11.099,3985.3,True,0.9037,WITHDRAWN_see_section_6.0_rigid_IEM,eb_scan_b3-10,f5dc203,2026-09-27
gap1_maskBps_iem1_gnfw_g1.0_3-10GeV,1,B,True,1,1,3-10GeV,3.0,10.0,gnfw_g1.0,18.448,41653.135,29.637,0.638,5239.4,True,0.9037,WITHDRAWN_see_section_6.0_rigid_IEM,eb_scan_b3-10,f5dc203,2026-09-27
gap1_maskBps_iem1_gnfw_g1.0_th1_3-10GeV,1,B,True,1,1,3-10GeV,3.0,10.0,gnfw_g1.0_th1,9.855,41648.839,38.229,9.231,3720.2,True,0.9037,WITHDRAWN_see_section_6.0_rigid_IEM,eb_scan_b3-10,f5dc203,2026-09-27
gap1_maskBps_iem1_gnfw_g1.1_3-10GeV,1,B,True,1,1,3-10GeV,3.0,10.0,gnfw_g1.1,17.091,41652.457,30.994,1.995,4193.4,True,0.9037,WITHDRAWN_see_section_6.0_rigid_IEM,eb_scan_b3-10,f5dc203,2026-09-27
gap1_maskBps_iem1_gnfw_g1.1_th1_3-10GeV,1,B,True,1,1,3-10GeV,3.0,10.0,gnfw_g1.1_th1,10.657,41649.24,37.427,8.429,3205.0,True,0.9037,WITHDRAWN_see_section_6.0_rigid_IEM,eb_scan_b3-10,f5dc203,2026-09-27
gap1_maskBps_iem1_gnfw_g1.2_3-10GeV,1,B,True,1,1,3-10GeV,3.0,10.0,gnfw_g1.2,15.159,41651.491,32.926,3.927,3259.6,True,0.9037,WITHDRAWN_see_section_6.0_rigid_IEM,eb_scan_b3-10,f5dc203,2026-09-27
gap1_maskBps_iem1_gnfw_g1.2_th1_3-10GeV,1,B,True,1,1,3-10GeV,3.0,10.0,gnfw_g1.2_th1,10.359,41649.091,37.725,8.727,2584.0,True,0.9037,WITHDRAWN_see_section_6.0_rigid_IEM,eb_scan_b3-10,f5dc203,2026-09-27
gap1_maskBps_iem1_gnfw_g1.3_3-10GeV,1,B,True,1,1,3-10GeV,3.0,10.0,gnfw_g1.3,12.85,41650.336,35.235,6.236,2463.0,True,0.9037,WITHDRAWN_see_section_6.0_rigid_IEM,eb_scan_b3-10,f5dc203,2026-09-27
gap1_maskBps_iem1_gnfw_g1.3_th1_3-10GeV,1,B,True,1,1,3-10GeV,3.0,10.0,gnfw_g1.3_th1,9.159,41648.491,38.926,9.927,1966.7,True,0.9037,WITHDRAWN_see_section_6.0_rigid_IEM,eb_scan_b3-10,f5dc203,2026-09-27
gap1_maskBps_iem1_gnfw_g1.4_3-10GeV,1,B,True,1,1,3-10GeV,3.0,10.0,gnfw_g1.4,10.356,41649.09,37.728,8.73,1806.7,True,0.9037,WITHDRAWN_see_section_6.0_rigid_IEM,eb_scan_b3-10,f5dc203,2026-09-27
gap1_maskBps_iem1_gnfw_g1.4_th1_3-10GeV,1,B,True,1,1,3-10GeV,3.0,10.0,gnfw_g1.4_th1,7.37,41647.596,40.715,11.716,1415.1,True,0.9037,WITHDRAWN_see_section_6.0_rigid_IEM,eb_scan_b3-10,f5dc203,2026-09-27
gap1_maskBps_iem1_triaxial_vert0.6_plane0.8_flip_0p5-50GeV,1,B,True,1,1,0p5-50GeV,0.5,50.0,triaxial_vert0.6_plane0.8_flip,167.684,3816365.294,58.69,-53.938,25189.0,True,0.835,WITHDRAWN_see_section_6.0_rigid_IEM,tri_scan_all,f5dc203,2026-09-27
gap1_maskBps_iem1_triaxial_vert0.6_plane0.8_std_0p5-50GeV,1,B,True,1,1,0p5-50GeV,0.5,50.0,triaxial_vert0.6_plane0.8_std,155.187,3816359.046,71.187,-41.441,24383.5,True,0.835,WITHDRAWN_see_section_6.0_rigid_IEM,tri_scan_all,f5dc203,2026-09-27
gap1_maskBps_iem1_triaxial_vert0.8_plane0.6_flip_0p5-50GeV,1,B,True,1,1,0p5-50GeV,0.5,50.0,triaxial_vert0.8_plane0.6_flip,102.955,3816332.93,123.419,10.791,16697.3,True,0.835,WITHDRAWN_see_section_6.0_rigid_IEM,tri_scan_all,f5dc203,2026-09-27
gap1_maskBps_iem1_triaxial_vert0.8_plane0.6_std_0p5-50GeV,1,B,True,1,1,0p5-50GeV,0.5,50.0,triaxial_vert0.8_plane0.6_std,87.555,3816325.23,138.819,26.191,15640.1,True,0.835,WITHDRAWN_see_section_6.0_rigid_IEM,tri_scan_all,f5dc203,2026-09-27
gap1_maskBps_iem1_triaxial_vert0.6_plane0.8_flip_1-10GeV,1,B,True,1,1,1-10GeV,1.0,10.0,triaxial_vert0.6_plane0.8_flip,167.684,2096982.633,58.69,-53.938,25189.0,True,0.8595,WITHDRAWN_see_section_6.0_rigid_IEM,tri_scan_b1-10,f5dc203,2026-09-27
gap1_maskBps_iem1_triaxial_vert0.6_plane0.8_std_1-10GeV,1,B,True,1,1,1-10GeV,1.0,10.0,triaxial_vert0.6_plane0.8_std,155.187,2096976.385,71.187,-41.441,24383.5,True,0.8595,WITHDRAWN_see_section_6.0_rigid_IEM,tri_scan_b1-10,f5dc203,2026-09-27
gap1_maskBps_iem1_triaxial_vert0.8_plane0.6_flip_1-10GeV,1,B,True,1,1,1-10GeV,1.0,10.0,triaxial_vert0.8_plane0.6_flip,102.955,2096950.269,123.419,10.791,16697.3,True,0.8595,WITHDRAWN_see_section_6.0_rigid_IEM,tri_scan_b1-10,f5dc203,2026-09-27
gap1_maskBps_iem1_triaxial_vert0.8_plane0.6_std_1-10GeV,1,B,True,1,1,1-10GeV,1.0,10.0,triaxial_vert0.8_plane0.6_std,87.555,2096942.569,138.819,26.191,15640.1,True,0.8595,WITHDRAWN_see_section_6.0_rigid_IEM,tri_scan_b1-10,f5dc203,2026-09-27
gap1_maskA_iem1_hestia_G1.1_ang0_1-10GeV,1,A,False,1,1,1-10GeV,1.0,10.0,hestia_G1.1_ang0,5.476,-76073.472,4.361,-1.959,852.6,True,0.0866,WITHDRAWN_see_section_6.0_rigid_IEM,scan_maskA,f5dc203,2026-09-27
gap1_maskA_iem1_hestia_G1.1_ang30_1-10GeV,1,A,False,1,1,1-10GeV,1.0,10.0,hestia_G1.1_ang30,5.076,-76073.672,4.761,-1.56,1018.2,True,0.0866,WITHDRAWN_see_section_6.0_rigid_IEM,scan_maskA,f5dc203,2026-09-27
gap1_maskA_iem1_hestia_G1.1_ang60_1-10GeV,1,A,False,1,1,1-10GeV,1.0,10.0,hestia_G1.1_ang60,7.686,-76072.367,2.151,-4.17,1228.6,True,0.0866,WITHDRAWN_see_section_6.0_rigid_IEM,scan_maskA,f5dc203,2026-09-27
gap1_maskA_iem1_hestia_G1.1_ang90_1-10GeV,1,A,False,1,1,1-10GeV,1.0,10.0,hestia_G1.1_ang90,2.373,-76075.024,7.464,1.143,645.3,True,0.0866,WITHDRAWN_see_section_6.0_rigid_IEM,scan_maskA,f5dc203,2026-09-27
gap1_maskA_iem1_hestia_G1.2_ang0_1-10GeV,1,A,False,1,1,1-10GeV,1.0,10.0,hestia_G1.2_ang0,3.303,-76074.559,6.534,0.214,782.9,True,0.0866,WITHDRAWN_see_section_6.0_rigid_IEM,scan_maskA,f5dc203,2026-09-27
gap1_maskA_iem1_hestia_G1.2_ang30_1-10GeV,1,A,False,1,1,1-10GeV,1.0,10.0,hestia_G1.2_ang30,4.224,-76074.098,5.613,-0.708,771.2,True,0.0866,WITHDRAWN_see_section_6.0_rigid_IEM,scan_maskA,f5dc203,2026-09-27
gap1_maskA_iem1_hestia_G1.2_ang60_1-10GeV,1,A,False,1,1,1-10GeV,1.0,10.0,hestia_G1.2_ang60,4.226,-76074.097,5.611,-0.71,855.3,True,0.0866,WITHDRAWN_see_section_6.0_rigid_IEM,scan_maskA,f5dc203,2026-09-27
gap1_maskA_iem1_hestia_G1.2_ang90_1-10GeV,1,A,False,1,1,1-10GeV,1.0,10.0,hestia_G1.2_ang90,3.359,-76074.531,6.478,0.157,827.1,True,0.0866,WITHDRAWN_see_section_6.0_rigid_IEM,scan_maskA,f5dc203,2026-09-27
gap1_maskA_iem1_hestia_G2.1_ang0_1-10GeV,1,A,False,1,1,1-10GeV,1.0,10.0,hestia_G2.1_ang0,2.887,-76074.767,6.95,0.63,853.1,True,0.0866,WITHDRAWN_see_section_6.0_rigid_IEM,scan_maskA,f5dc203,2026-09-27
gap1_maskA_iem1_hestia_G2.1_ang30_1-10GeV,1,A,False,1,1,1-10GeV,1.0,10.0,hestia_G2.1_ang30,4.771,-76073.825,5.066,-1.255,930.3,True,0.0866,WITHDRAWN_see_section_6.0_rigid_IEM,scan_maskA,f5dc203,2026-09-27
gap1_maskA_iem1_hestia_G2.1_ang60_1-10GeV,1,A,False,1,1,1-10GeV,1.0,10.0,hestia_G2.1_ang60,3.374,-76074.523,6.463,0.143,960.5,True,0.0866,WITHDRAWN_see_section_6.0_rigid_IEM,scan_maskA,f5dc203,2026-09-27
gap1_maskA_iem1_hestia_G2.1_ang90_1-10GeV,1,A,False,1,1,1-10GeV,1.0,10.0,hestia_G2.1_ang90,3.307,-76074.557,6.53,0.209,903.8,True,0.0866,WITHDRAWN_see_section_6.0_rigid_IEM,scan_maskA,f5dc203,2026-09-27
gap1_maskA_iem1_hestia_G2.2_ang0_1-10GeV,1,A,False,1,1,1-10GeV,1.0,10.0,hestia_G2.2_ang0,2.876,-76074.772,6.961,0.64,758.3,True,0.0866,WITHDRAWN_see_section_6.0_rigid_IEM,scan_maskA,f5dc203,2026-09-27
gap1_maskA_iem1_hestia_G2.2_ang30_1-10GeV,1,A,False,1,1,1-10GeV,1.0,10.0,hestia_G2.2_ang30,2.274,-76075.073,7.563,1.242,667.8,True,0.0866,WITHDRAWN_see_section_6.0_rigid_IEM,scan_maskA,f5dc203,2026-09-27
gap1_maskA_iem1_hestia_G2.2_ang60_1-10GeV,1,A,False,1,1,1-10GeV,1.0,10.0,hestia_G2.2_ang60,5.013,-76073.703,4.824,-1.497,929.8,True,0.0866,WITHDRAWN_see_section_6.0_rigid_IEM,scan_maskA,f5dc203,2026-09-27
gap1_maskA_iem1_hestia_G2.2_ang90_1-10GeV,1,A,False,1,1,1-10GeV,1.0,10.0,hestia_G2.2_ang90,2.487,-76074.966,7.349,1.029,636.1,True,0.0866,WITHDRAWN_see_section_6.0_rigid_IEM,scan_maskA,f5dc203,2026-09-27
gap1_maskA_iem1_hestia_G3.1_ang0_1-10GeV,1,A,False,1,1,1-10GeV,1.0,10.0,hestia_G3.1_ang0,1.983,-76075.219,7.854,1.533,482.7,True,0.0866,WITHDRAWN_see_section_6.0_rigid_IEM,scan_maskA,f5dc203,2026-09-27
gap1_maskA_iem1_hestia_G3.1_ang30_1-10GeV,1,A,False,1,1,1-10GeV,1.0,10.0,hestia_G3.1_ang30,4.221,-76074.1,5.616,-0.704,787.5,True,0.0866,WITHDRAWN_see_section_6.0_rigid_IEM,scan_maskA,f5dc203,2026-09-27
gap1_maskA_iem1_hestia_G3.1_ang60_1-10GeV,1,A,False,1,1,1-10GeV,1.0,10.0,hestia_G3.1_ang60,2.808,-76074.806,7.029,0.708,478.6,True,0.0866,WITHDRAWN_see_section_6.0_rigid_IEM,scan_maskA,f5dc203,2026-09-27
gap1_maskA_iem1_hestia_G3.1_ang90_1-10GeV,1,A,False,1,1,1-10GeV,1.0,10.0,hestia_G3.1_ang90,3.172,-76074.624,6.665,0.344,666.8,True,0.0866,WITHDRAWN_see_section_6.0_rigid_IEM,scan_maskA,f5dc203,2026-09-27
gap1_maskA_iem1_hestia_G3.2_ang0_1-10GeV,1,A,False,1,1,1-10GeV,1.0,10.0,hestia_G3.2_ang0,5.858,-76073.281,3.978,-2.342,810.3,True,0.0866,WITHDRAWN_see_section_6.0_rigid_IEM,scan_maskA,f5dc203,2026-09-27
gap1_maskA_iem1_hestia_G3.2_ang30_1-10GeV,1,A,False,1,1,1-10GeV,1.0,10.0,hestia_G3.2_ang30,4.692,-76073.864,5.144,-1.176,865.2,True,0.0866,WITHDRAWN_see_section_6.0_rigid_IEM,scan_maskA,f5dc203,2026-09-27
gap1_maskA_iem1_hestia_G3.2_ang60_1-10GeV,1,A,False,1,1,1-10GeV,1.0,10.0,hestia_G3.2_ang60,3.511,-76074.455,6.326,0.006,722.0,True,0.0866,WITHDRAWN_see_section_6.0_rigid_IEM,scan_maskA,f5dc203,2026-09-27
gap1_maskA_iem1_hestia_G3.2_ang90_1-10GeV,1,A,False,1,1,1-10GeV,1.0,10.0,hestia_G3.2_ang90,3.097,-76074.662,6.74,0.42,726.2,True,0.0866,WITHDRAWN_see_section_6.0_rigid_IEM,scan_maskA,f5dc203,2026-09-27
gap1_maskA_iem1_vvv_1-10GeV,1,A,False,1,1,1-10GeV,1.0,10.0,vvv,9.837,-76071.292,-0.0,-6.321,475.4,True,0.0866,WITHDRAWN_see_section_6.0_rigid_IEM,scan_maskA,f5dc203,2026-09-27
gap1_maskA_iem1_f98_1-10GeV,1,A,False,1,1,1-10GeV,1.0,10.0,f98,8.676,-76071.872,1.161,-5.16,321.0,True,0.0866,WITHDRAWN_see_section_6.0_rigid_IEM,scan_maskA,f5dc203,2026-09-27
gap1_maskA_iem1_gnfw_g0.8_1-10GeV,1,A,False,1,1,1-10GeV,1.0,10.0,gnfw_g0.8,1.544,-76075.438,8.293,1.973,636.2,True,0.0866,WITHDRAWN_see_section_6.0_rigid_IEM,scan_maskA,f5dc203,2026-09-27
gap1_maskA_iem1_gnfw_g0.8_th1_1-10GeV,1,A,False,1,1,1-10GeV,1.0,10.0,gnfw_g0.8_th1,0.0,-76076.21,9.837,3.516,0.0,True,0.0866,WITHDRAWN_see_section_6.0_rigid_IEM,scan_maskA,f5dc203,2026-09-27
gap1_maskA_iem1_gnfw_g0.9_1-10GeV,1,A,False,1,1,1-10GeV,1.0,10.0,gnfw_g0.9,1.861,-76075.279,7.976,1.655,632.4,True,0.0866,WITHDRAWN_see_section_6.0_rigid_IEM,scan_maskA,f5dc203,2026-09-27
gap1_maskA_iem1_gnfw_g0.9_th1_1-10GeV,1,A,False,1,1,1-10GeV,1.0,10.0,gnfw_g0.9_th1,0.0,-76076.21,9.837,3.516,0.0,True,0.0866,WITHDRAWN_see_section_6.0_rigid_IEM,scan_maskA,f5dc203,2026-09-27
gap1_maskA_iem1_gnfw_g1.0_1-10GeV,1,A,False,1,1,1-10GeV,1.0,10.0,gnfw_g1.0,2.191,-76075.114,7.646,1.325,623.2,True,0.0866,WITHDRAWN_see_section_6.0_rigid_IEM,scan_maskA,f5dc203,2026-09-27
gap1_maskA_iem1_gnfw_g1.0_th1_1-10GeV,1,A,False,1,1,1-10GeV,1.0,10.0,gnfw_g1.0_th1,0.054,-76076.183,9.783,3.463,94.6,True,0.0866,WITHDRAWN_see_section_6.0_rigid_IEM,scan_maskA,f5dc203,2026-09-27
gap1_maskA_iem1_gnfw_g1.1_1-10GeV,1,A,False,1,1,1-10GeV,1.0,10.0,gnfw_g1.1,2.529,-76074.946,7.308,0.988,609.3,True,0.0866,WITHDRAWN_see_section_6.0_rigid_IEM,scan_maskA,f5dc203,2026-09-27
gap1_maskA_iem1_gnfw_g1.1_th1_1-10GeV,1,A,False,1,1,1-10GeV,1.0,10.0,gnfw_g1.1_th1,0.297,-76076.061,9.539,3.219,217.3,True,0.0866,WITHDRAWN_see_section_6.0_rigid_IEM,scan_maskA,f5dc203,2026-09-27
gap1_maskA_iem1_gnfw_g1.2_1-10GeV,1,A,False,1,1,1-10GeV,1.0,10.0,gnfw_g1.2,2.866,-76074.777,6.971,0.65,583.2,True,0.0866,WITHDRAWN_see_section_6.0_rigid_IEM,scan_maskA,f5dc203,2026-09-27
gap1_maskA_iem1_gnfw_g1.2_th1_1-10GeV,1,A,False,1,1,1-10GeV,1.0,10.0,gnfw_g1.2_th1,0.685,-76075.867,9.151,2.831,294.9,True,0.0866,WITHDRAWN_see_section_6.0_rigid_IEM,scan_maskA,f5dc203,2026-09-27
gap1_maskA_iem1_gnfw_g1.3_1-10GeV,1,A,False,1,1,1-10GeV,1.0,10.0,gnfw_g1.3,3.197,-76074.612,6.64,0.319,556.6,True,0.0866,WITHDRAWN_see_section_6.0_rigid_IEM,scan_maskA,f5dc203,2026-09-27
gap1_maskA_iem1_gnfw_g1.3_th1_1-10GeV,1,A,False,1,1,1-10GeV,1.0,10.0,gnfw_g1.3_th1,1.123,-76075.648,8.713,2.393,335.1,True,0.0866,WITHDRAWN_see_section_6.0_rigid_IEM,scan_maskA,f5dc203,2026-09-27
gap1_maskA_iem1_gnfw_g1.4_1-10GeV,1,A,False,1,1,1-10GeV,1.0,10.0,gnfw_g1.4,3.516,-76074.452,6.321,-0.0,530.0,True,0.0866,WITHDRAWN_see_section_6.0_rigid_IEM,scan_maskA,f5dc203,2026-09-27
gap1_maskA_iem1_gnfw_g1.4_th1_1-10GeV,1,A,False,1,1,1-10GeV,1.0,10.0,gnfw_g1.4_th1,1.584,-76075.418,8.253,1.932,360.8,True,0.0866,WITHDRAWN_see_section_6.0_rigid_IEM,scan_maskA,f5dc203,2026-09-27
gap1_maskB_iem1_hestia_G1.1_ang0_1-10GeV,1,B,False,1,1,1-10GeV,1.0,10.0,hestia_G1.1_ang0,2165.547,545306.678,-179.442,-763.476,103154.5,True,0.8593,WITHDRAWN_see_section_6.0_rigid_IEM,scan_maskB,f5dc203,2026-09-27
gap1_maskB_iem1_hestia_G1.1_ang30_1-10GeV,1,B,False,1,1,1-10GeV,1.0,10.0,hestia_G1.1_ang30,2114.563,545281.186,-128.458,-712.492,105669.8,True,0.8593,WITHDRAWN_see_section_6.0_rigid_IEM,scan_maskB,f5dc203,2026-09-27
gap1_maskB_iem1_hestia_G1.1_ang60_1-10GeV,1,B,False,1,1,1-10GeV,1.0,10.0,hestia_G1.1_ang60,2245.877,545346.843,-259.773,-843.807,109793.9,True,0.8593,WITHDRAWN_see_section_6.0_rigid_IEM,scan_maskB,f5dc203,2026-09-27
gap1_maskB_iem1_hestia_G1.1_ang90_1-10GeV,1,B,False,1,1,1-10GeV,1.0,10.0,hestia_G1.1_ang90,2035.897,545241.853,-49.792,-633.827,100114.5,True,0.8593,WITHDRAWN_see_section_6.0_rigid_IEM,scan_maskB,f5dc203,2026-09-27
gap1_maskB_iem1_hestia_G1.2_ang0_1-10GeV,1,B,False,1,1,1-10GeV,1.0,10.0,hestia_G1.2_ang0,1944.134,545195.972,41.971,-542.064,96035.8,True,0.8593,WITHDRAWN_see_section_6.0_rigid_IEM,scan_maskB,f5dc203,2026-09-27
gap1_maskB_iem1_hestia_G1.2_ang30_1-10GeV,1,B,False,1,1,1-10GeV,1.0,10.0,hestia_G1.2_ang30,2033.029,545240.419,-46.925,-630.959,106498.5,True,0.8593,WITHDRAWN_see_section_6.0_rigid_IEM,scan_maskB,f5dc203,2026-09-27
gap1_maskB_iem1_hestia_G1.2_ang60_1-10GeV,1,B,False,1,1,1-10GeV,1.0,10.0,hestia_G1.2_ang60,2141.464,545294.637,-155.36,-739.394,113955.2,True,0.8593,WITHDRAWN_see_section_6.0_rigid_IEM,scan_maskB,f5dc203,2026-09-27
gap1_maskB_iem1_hestia_G1.2_ang90_1-10GeV,1,B,False,1,1,1-10GeV,1.0,10.0,hestia_G1.2_ang90,2151.428,545299.619,-165.323,-749.358,118416.2,True,0.8593,WITHDRAWN_see_section_6.0_rigid_IEM,scan_maskB,f5dc203,2026-09-27
gap1_maskB_iem1_hestia_G2.1_ang0_1-10GeV,1,B,False,1,1,1-10GeV,1.0,10.0,hestia_G2.1_ang0,1833.246,545140.528,152.858,-431.176,116088.4,True,0.8593,WITHDRAWN_see_section_6.0_rigid_IEM,scan_maskB,f5dc203,2026-09-27
gap1_maskB_iem1_hestia_G2.1_ang30_1-10GeV,1,B,False,1,1,1-10GeV,1.0,10.0,hestia_G2.1_ang30,2015.799,545231.804,-29.694,-613.728,122762.1,True,0.8593,WITHDRAWN_see_section_6.0_rigid_IEM,scan_maskB,f5dc203,2026-09-27
gap1_maskB_iem1_hestia_G2.1_ang60_1-10GeV,1,B,False,1,1,1-10GeV,1.0,10.0,hestia_G2.1_ang60,2046.701,545247.255,-60.597,-644.631,122703.9,True,0.8593,WITHDRAWN_see_section_6.0_rigid_IEM,scan_maskB,f5dc203,2026-09-27
gap1_maskB_iem1_hestia_G2.1_ang90_1-10GeV,1,B,False,1,1,1-10GeV,1.0,10.0,hestia_G2.1_ang90,2050.078,545248.944,-63.973,-648.008,123171.8,True,0.8593,WITHDRAWN_see_section_6.0_rigid_IEM,scan_maskB,f5dc203,2026-09-27
gap1_maskB_iem1_hestia_G2.2_ang0_1-10GeV,1,B,False,1,1,1-10GeV,1.0,10.0,hestia_G2.2_ang0,2086.821,545267.315,-100.717,-684.751,95929.5,True,0.8593,WITHDRAWN_see_section_6.0_rigid_IEM,scan_maskB,f5dc203,2026-09-27
gap1_maskB_iem1_hestia_G2.2_ang30_1-10GeV,1,B,False,1,1,1-10GeV,1.0,10.0,hestia_G2.2_ang30,2033.41,545240.61,-47.305,-631.34,103853.3,True,0.8593,WITHDRAWN_see_section_6.0_rigid_IEM,scan_maskB,f5dc203,2026-09-27
gap1_maskB_iem1_hestia_G2.2_ang60_1-10GeV,1,B,False,1,1,1-10GeV,1.0,10.0,hestia_G2.2_ang60,2028.054,545237.932,-41.949,-625.984,103389.3,True,0.8593,WITHDRAWN_see_section_6.0_rigid_IEM,scan_maskB,f5dc203,2026-09-27
gap1_maskB_iem1_hestia_G2.2_ang90_1-10GeV,1,B,False,1,1,1-10GeV,1.0,10.0,hestia_G2.2_ang90,2113.706,545280.758,-127.601,-711.636,99948.6,True,0.8593,WITHDRAWN_see_section_6.0_rigid_IEM,scan_maskB,f5dc203,2026-09-27
gap1_maskB_iem1_hestia_G3.1_ang0_1-10GeV,1,B,False,1,1,1-10GeV,1.0,10.0,hestia_G3.1_ang0,1779.244,545113.527,206.861,-377.174,97577.3,True,0.8593,WITHDRAWN_see_section_6.0_rigid_IEM,scan_maskB,f5dc203,2026-09-27
gap1_maskB_iem1_hestia_G3.1_ang30_1-10GeV,1,B,False,1,1,1-10GeV,1.0,10.0,hestia_G3.1_ang30,1868.571,545158.19,117.534,-466.5,102286.1,True,0.8593,WITHDRAWN_see_section_6.0_rigid_IEM,scan_maskB,f5dc203,2026-09-27
gap1_maskB_iem1_hestia_G3.1_ang60_1-10GeV,1,B,False,1,1,1-10GeV,1.0,10.0,hestia_G3.1_ang60,1949.659,545198.734,36.446,-547.589,100910.9,True,0.8593,WITHDRAWN_see_section_6.0_rigid_IEM,scan_maskB,f5dc203,2026-09-27
gap1_maskB_iem1_hestia_G3.1_ang90_1-10GeV,1,B,False,1,1,1-10GeV,1.0,10.0,hestia_G3.1_ang90,1813.184,545130.497,172.92,-411.114,95446.8,True,0.8593,WITHDRAWN_see_section_6.0_rigid_IEM,scan_maskB,f5dc203,2026-09-27
gap1_maskB_iem1_hestia_G3.2_ang0_1-10GeV,1,B,False,1,1,1-10GeV,1.0,10.0,hestia_G3.2_ang0,1669.804,545058.807,316.3,-267.734,84962.9,True,0.8593,WITHDRAWN_see_section_6.0_rigid_IEM,scan_maskB,f5dc203,2026-09-27
gap1_maskB_iem1_hestia_G3.2_ang30_1-10GeV,1,B,False,1,1,1-10GeV,1.0,10.0,hestia_G3.2_ang30,1544.847,544996.328,441.258,-142.777,83383.0,True,0.8593,WITHDRAWN_see_section_6.0_rigid_IEM,scan_maskB,f5dc203,2026-09-27
gap1_maskB_iem1_hestia_G3.2_ang60_1-10GeV,1,B,False,1,1,1-10GeV,1.0,10.0,hestia_G3.2_ang60,1672.294,545060.052,313.811,-270.223,87204.2,True,0.8593,WITHDRAWN_see_section_6.0_rigid_IEM,scan_maskB,f5dc203,2026-09-27
gap1_maskB_iem1_hestia_G3.2_ang90_1-10GeV,1,B,False,1,1,1-10GeV,1.0,10.0,hestia_G3.2_ang90,1700.703,545074.256,285.401,-298.633,93511.5,True,0.8593,WITHDRAWN_see_section_6.0_rigid_IEM,scan_maskB,f5dc203,2026-09-27
gap1_maskB_iem1_vvv_1-10GeV,1,B,False,1,1,1-10GeV,1.0,10.0,vvv,1986.105,545216.957,-0.0,-584.034,50168.4,True,0.8593,WITHDRAWN_see_section_6.0_rigid_IEM,scan_maskB,f5dc203,2026-09-27
gap1_maskB_iem1_f98_1-10GeV,1,B,False,1,1,1-10GeV,1.0,10.0,f98,1994.314,545221.062,-8.209,-592.243,44454.2,True,0.8593,WITHDRAWN_see_section_6.0_rigid_IEM,scan_maskB,f5dc203,2026-09-27
gap1_maskB_iem1_gnfw_g0.8_1-10GeV,1,B,False,1,1,1-10GeV,1.0,10.0,gnfw_g0.8,1108.386,544778.098,877.719,293.685,111573.6,True,0.8593,WITHDRAWN_see_section_6.0_rigid_IEM,scan_maskB,f5dc203,2026-09-27
gap1_maskB_iem1_gnfw_g0.8_th1_1-10GeV,1,B,False,1,1,1-10GeV,1.0,10.0,gnfw_g0.8_th1,752.168,544599.989,1233.937,649.902,91174.6,True,0.8593,WITHDRAWN_see_section_6.0_rigid_IEM,scan_maskB,f5dc203,2026-09-27
gap1_maskB_iem1_gnfw_g0.9_1-10GeV,1,B,False,1,1,1-10GeV,1.0,10.0,gnfw_g0.9,1219.837,544833.823,766.268,182.234,101355.1,True,0.8593,WITHDRAWN_see_section_6.0_rigid_IEM,scan_maskB,f5dc203,2026-09-27
gap1_maskB_iem1_gnfw_g0.9_th1_1-10GeV,1,B,False,1,1,1-10GeV,1.0,10.0,gnfw_g0.9_th1,924.447,544686.128,1061.658,477.623,87110.6,True,0.8593,WITHDRAWN_see_section_6.0_rigid_IEM,scan_maskB,f5dc203,2026-09-27
gap1_maskB_iem1_gnfw_g1.0_1-10GeV,1,B,False,1,1,1-10GeV,1.0,10.0,gnfw_g1.0,1310.831,544879.32,675.274,91.24,91191.5,True,0.8593,WITHDRAWN_see_section_6.0_rigid_IEM,scan_maskB,f5dc203,2026-09-27
gap1_maskB_iem1_gnfw_g1.0_th1_1-10GeV,1,B,False,1,1,1-10GeV,1.0,10.0,gnfw_g1.0_th1,1071.726,544759.768,914.379,330.344,81204.6,True,0.8593,WITHDRAWN_see_section_6.0_rigid_IEM,scan_maskB,f5dc203,2026-09-27
gap1_maskB_iem1_gnfw_g1.1_1-10GeV,1,B,False,1,1,1-10GeV,1.0,10.0,gnfw_g1.1,1373.708,544910.759,612.396,28.362,81119.8,False,0.8593,WITHDRAWN_see_section_6.0_rigid_IEM,scan_maskB,f5dc203,2026-09-27
gap1_maskB_iem1_gnfw_g1.1_th1_1-10GeV,1,B,False,1,1,1-10GeV,1.0,10.0,gnfw_g1.1_th1,1182.968,544815.389,803.137,219.103,73962.2,True,0.8593,WITHDRAWN_see_section_6.0_rigid_IEM,scan_maskB,f5dc203,2026-09-27
gap1_maskB_iem1_gnfw_g1.2_1-10GeV,1,B,False,1,1,1-10GeV,1.0,10.0,gnfw_g1.2,1402.07,544924.94,584.034,-0.0,71280.9,True,0.8593,WITHDRAWN_see_section_6.0_rigid_IEM,scan_maskB,f5dc203,2026-09-27
gap1_maskB_iem1_gnfw_g1.2_th1_1-10GeV,1,B,False,1,1,1-10GeV,1.0,10.0,gnfw_g1.2_th1,1249.331,544848.57,736.774,152.739,65706.5,True,0.8593,WITHDRAWN_see_section_6.0_rigid_IEM,scan_maskB,f5dc203,2026-09-27
gap1_maskB_iem1_gnfw_g1.3_1-10GeV,1,B,False,1,1,1-10GeV,1.0,10.0,gnfw_g1.3,1392.276,544920.043,593.829,9.795,61427.6,True,0.8593,WITHDRAWN_see_section_6.0_rigid_IEM,scan_maskB,f5dc203,2026-09-27
gap1_maskB_iem1_gnfw_g1.3_th1_1-10GeV,1,B,False,1,1,1-10GeV,1.0,10.0,gnfw_g1.3_th1,1266.009,544856.909,720.096,136.061,56763.2,True,0.8593,WITHDRAWN_see_section_6.0_rigid_IEM,scan_maskB,f5dc203,2026-09-27
gap1_maskB_iem1_gnfw_g1.4_1-10GeV,1,B,False,1,1,1-10GeV,1.0,10.0,gnfw_g1.4,1342.774,544895.292,643.331,59.296,51634.5,True,0.8593,WITHDRAWN_see_section_6.0_rigid_IEM,scan_maskB,f5dc203,2026-09-27
gap1_maskB_iem1_gnfw_g1.4_th1_1-10GeV,1,B,False,1,1,1-10GeV,1.0,10.0,gnfw_g1.4_th1,1231.741,544839.775,754.363,170.329,47533.4,True,0.8593,WITHDRAWN_see_section_6.0_rigid_IEM,scan_maskB,f5dc203,2026-09-27
gap1_maskE_iem1_hestia_G1.1_ang0_1-10GeV,1,E,False,1,1,1-10GeV,1.0,10.0,hestia_G1.1_ang0,1609.287,6175561.973,184.74,-220.054,102369.9,True,0.864,WITHDRAWN_see_section_6.0_rigid_IEM,scan_maskD,f5dc203,2026-09-27
gap1_maskE_iem1_hestia_G1.1_ang30_1-10GeV,1,E,False,1,1,1-10GeV,1.0,10.0,hestia_G1.1_ang30,1593.099,6175553.879,200.928,-203.866,104631.0,True,0.864,WITHDRAWN_see_section_6.0_rigid_IEM,scan_maskD,f5dc203,2026-09-27
gap1_maskE_iem1_hestia_G1.1_ang60_1-10GeV,1,E,False,1,1,1-10GeV,1.0,10.0,hestia_G1.1_ang60,1571.943,6175543.3,222.084,-182.71,102807.5,True,0.864,WITHDRAWN_see_section_6.0_rigid_IEM,scan_maskD,f5dc203,2026-09-27
gap1_maskE_iem1_hestia_G1.1_ang90_1-10GeV,1,E,False,1,1,1-10GeV,1.0,10.0,hestia_G1.1_ang90,1510.714,6175512.686,283.312,-121.481,95735.0,True,0.864,WITHDRAWN_see_section_6.0_rigid_IEM,scan_maskD,f5dc203,2026-09-27
gap1_maskE_iem1_hestia_G1.2_ang0_1-10GeV,1,E,False,1,1,1-10GeV,1.0,10.0,hestia_G1.2_ang0,1418.223,6175466.441,375.803,-28.99,91143.7,True,0.864,WITHDRAWN_see_section_6.0_rigid_IEM,scan_maskD,f5dc203,2026-09-27
gap1_maskE_iem1_hestia_G1.2_ang30_1-10GeV,1,E,False,1,1,1-10GeV,1.0,10.0,hestia_G1.2_ang30,1420.365,6175467.511,373.662,-31.132,99947.1,True,0.864,WITHDRAWN_see_section_6.0_rigid_IEM,scan_maskD,f5dc203,2026-09-27
gap1_maskE_iem1_hestia_G1.2_ang60_1-10GeV,1,E,False,1,1,1-10GeV,1.0,10.0,hestia_G1.2_ang60,1357.847,6175436.253,436.18,31.386,104210.4,True,0.864,WITHDRAWN_see_section_6.0_rigid_IEM,scan_maskD,f5dc203,2026-09-27
gap1_maskE_iem1_hestia_G1.2_ang90_1-10GeV,1,E,False,1,1,1-10GeV,1.0,10.0,hestia_G1.2_ang90,1330.295,6175422.477,463.732,58.938,107571.3,True,0.864,WITHDRAWN_see_section_6.0_rigid_IEM,scan_maskD,f5dc203,2026-09-27
gap1_maskE_iem1_hestia_G2.1_ang0_1-10GeV,1,E,False,1,1,1-10GeV,1.0,10.0,hestia_G2.1_ang0,1338.88,6175426.769,455.147,50.354,113057.5,True,0.864,WITHDRAWN_see_section_6.0_rigid_IEM,scan_maskD,f5dc203,2026-09-27
gap1_maskE_iem1_hestia_G2.1_ang30_1-10GeV,1,E,False,1,1,1-10GeV,1.0,10.0,hestia_G2.1_ang30,1346.785,6175430.722,447.242,42.448,114549.4,True,0.864,WITHDRAWN_see_section_6.0_rigid_IEM,scan_maskD,f5dc203,2026-09-27
gap1_maskE_iem1_hestia_G2.1_ang60_1-10GeV,1,E,False,1,1,1-10GeV,1.0,10.0,hestia_G2.1_ang60,1375.6,6175445.129,418.427,13.634,113632.1,True,0.864,WITHDRAWN_see_section_6.0_rigid_IEM,scan_maskD,f5dc203,2026-09-27
gap1_maskE_iem1_hestia_G2.1_ang90_1-10GeV,1,E,False,1,1,1-10GeV,1.0,10.0,hestia_G2.1_ang90,1418.126,6175466.392,375.901,-28.893,116189.9,True,0.864,WITHDRAWN_see_section_6.0_rigid_IEM,scan_maskD,f5dc203,2026-09-27
gap1_maskE_iem1_hestia_G2.2_ang0_1-10GeV,1,E,False,1,1,1-10GeV,1.0,10.0,hestia_G2.2_ang0,1544.529,6175529.593,249.498,-155.295,92279.3,True,0.864,WITHDRAWN_see_section_6.0_rigid_IEM,scan_maskD,f5dc203,2026-09-27
gap1_maskE_iem1_hestia_G2.2_ang30_1-10GeV,1,E,False,1,1,1-10GeV,1.0,10.0,hestia_G2.2_ang30,1439.026,6175476.842,355.001,-49.792,99696.7,True,0.864,WITHDRAWN_see_section_6.0_rigid_IEM,scan_maskD,f5dc203,2026-09-27
gap1_maskE_iem1_hestia_G2.2_ang60_1-10GeV,1,E,False,1,1,1-10GeV,1.0,10.0,hestia_G2.2_ang60,1464.92,6175489.789,329.107,-75.687,100499.7,True,0.864,WITHDRAWN_see_section_6.0_rigid_IEM,scan_maskD,f5dc203,2026-09-27
gap1_maskE_iem1_hestia_G2.2_ang90_1-10GeV,1,E,False,1,1,1-10GeV,1.0,10.0,hestia_G2.2_ang90,1556.715,6175535.686,237.312,-167.481,95815.8,True,0.864,WITHDRAWN_see_section_6.0_rigid_IEM,scan_maskD,f5dc203,2026-09-27
gap1_maskE_iem1_hestia_G3.1_ang0_1-10GeV,1,E,False,1,1,1-10GeV,1.0,10.0,hestia_G3.1_ang0,1054.512,6175284.585,739.515,334.721,89488.2,True,0.864,WITHDRAWN_see_section_6.0_rigid_IEM,scan_maskD,f5dc203,2026-09-27
gap1_maskE_iem1_hestia_G3.1_ang30_1-10GeV,1,E,False,1,1,1-10GeV,1.0,10.0,hestia_G3.1_ang30,1140.312,6175327.485,653.715,248.921,94001.6,True,0.864,WITHDRAWN_see_section_6.0_rigid_IEM,scan_maskD,f5dc203,2026-09-27
gap1_maskE_iem1_hestia_G3.1_ang60_1-10GeV,1,E,False,1,1,1-10GeV,1.0,10.0,hestia_G3.1_ang60,1332.25,6175423.454,461.777,56.983,96321.4,True,0.864,WITHDRAWN_see_section_6.0_rigid_IEM,scan_maskD,f5dc203,2026-09-27
gap1_maskE_iem1_hestia_G3.1_ang90_1-10GeV,1,E,False,1,1,1-10GeV,1.0,10.0,hestia_G3.1_ang90,1355.218,6175434.938,438.809,34.016,93776.4,True,0.864,WITHDRAWN_see_section_6.0_rigid_IEM,scan_maskD,f5dc203,2026-09-27
gap1_maskE_iem1_hestia_G3.2_ang0_1-10GeV,1,E,False,1,1,1-10GeV,1.0,10.0,hestia_G3.2_ang0,710.934,6175112.796,1083.093,678.299,63452.4,True,0.864,WITHDRAWN_see_section_6.0_rigid_IEM,scan_maskD,f5dc203,2026-09-27
gap1_maskE_iem1_hestia_G3.2_ang30_1-10GeV,1,E,False,1,1,1-10GeV,1.0,10.0,hestia_G3.2_ang30,777.063,6175145.86,1016.964,612.17,66969.6,True,0.864,WITHDRAWN_see_section_6.0_rigid_IEM,scan_maskD,f5dc203,2026-09-27
gap1_maskE_iem1_hestia_G3.2_ang60_1-10GeV,1,E,False,1,1,1-10GeV,1.0,10.0,hestia_G3.2_ang60,891.266,6175202.962,902.761,497.967,70905.9,True,0.864,WITHDRAWN_see_section_6.0_rigid_IEM,scan_maskD,f5dc203,2026-09-27
gap1_maskE_iem1_hestia_G3.2_ang90_1-10GeV,1,E,False,1,1,1-10GeV,1.0,10.0,hestia_G3.2_ang90,1170.214,6175342.436,623.813,219.019,86564.8,True,0.864,WITHDRAWN_see_section_6.0_rigid_IEM,scan_maskD,f5dc203,2026-09-27
gap1_maskE_iem1_vvv_1-10GeV,1,E,False,1,1,1-10GeV,1.0,10.0,vvv,1794.027,6175654.342,-0.0,-404.794,65922.4,True,0.864,WITHDRAWN_see_section_6.0_rigid_IEM,scan_maskD,f5dc203,2026-09-27
gap1_maskE_iem1_f98_1-10GeV,1,E,False,1,1,1-10GeV,1.0,10.0,f98,1704.619,6175609.639,89.408,-315.386,56547.2,True,0.864,WITHDRAWN_see_section_6.0_rigid_IEM,scan_maskD,f5dc203,2026-09-27
gap1_maskE_iem1_gnfw_g0.8_1-10GeV,1,E,False,1,1,1-10GeV,1.0,10.0,gnfw_g0.8,891.267,6175202.962,902.76,497.966,106623.0,True,0.864,WITHDRAWN_see_section_6.0_rigid_IEM,scan_maskD,f5dc203,2026-09-27
gap1_maskE_iem1_gnfw_g0.8_th1_1-10GeV,1,E,False,1,1,1-10GeV,1.0,10.0,gnfw_g0.8_th1,585.709,6175050.184,1208.317,803.524,89812.8,True,0.864,WITHDRAWN_see_section_6.0_rigid_IEM,scan_maskD,f5dc203,2026-09-27
gap1_maskE_iem1_gnfw_g0.9_1-10GeV,1,E,False,1,1,1-10GeV,1.0,10.0,gnfw_g0.9,1113.44,6175314.049,680.586,275.793,103013.4,True,0.864,WITHDRAWN_see_section_6.0_rigid_IEM,scan_maskD,f5dc203,2026-09-27
gap1_maskE_iem1_gnfw_g0.9_th1_1-10GeV,1,E,False,1,1,1-10GeV,1.0,10.0,gnfw_g0.9_th1,841.738,6175178.198,952.289,547.495,89471.9,True,0.864,WITHDRAWN_see_section_6.0_rigid_IEM,scan_maskD,f5dc203,2026-09-27
gap1_maskE_iem1_gnfw_g1.0_1-10GeV,1,E,False,1,1,1-10GeV,1.0,10.0,gnfw_g1.0,1295.639,6175405.149,498.388,93.594,92395.2,True,0.864,WITHDRAWN_see_section_6.0_rigid_IEM,scan_maskD,f5dc203,2026-09-27
gap1_maskE_iem1_gnfw_g1.0_th1_1-10GeV,1,E,False,1,1,1-10GeV,1.0,10.0,gnfw_g1.0_th1,1059.587,6175287.123,734.44,329.646,82706.1,True,0.864,WITHDRAWN_see_section_6.0_rigid_IEM,scan_maskD,f5dc203,2026-09-27
gap1_maskE_iem1_gnfw_g1.1_1-10GeV,1,E,False,1,1,1-10GeV,1.0,10.0,gnfw_g1.1,1389.233,6175451.946,404.794,-0.0,77926.0,True,0.864,WITHDRAWN_see_section_6.0_rigid_IEM,scan_maskD,f5dc203,2026-09-27
gap1_maskE_iem1_gnfw_g1.1_th1_1-10GeV,1,E,False,1,1,1-10GeV,1.0,10.0,gnfw_g1.1_th1,1167.039,6175340.848,626.988,222.195,69610.6,True,0.864,WITHDRAWN_see_section_6.0_rigid_IEM,scan_maskD,f5dc203,2026-09-27
gap1_maskE_iem1_gnfw_g1.2_1-10GeV,1,E,False,1,1,1-10GeV,1.0,10.0,gnfw_g1.2,1354.373,6175434.515,439.654,34.861,59807.2,True,0.864,WITHDRAWN_see_section_6.0_rigid_IEM,scan_maskD,f5dc203,2026-09-27
gap1_maskE_iem1_gnfw_g1.2_th1_1-10GeV,1,E,False,1,1,1-10GeV,1.0,10.0,gnfw_g1.2_th1,1121.126,6175317.892,672.901,268.108,52013.8,True,0.864,WITHDRAWN_see_section_6.0_rigid_IEM,scan_maskD,f5dc203,2026-09-27
gap1_maskE_iem1_gnfw_g1.3_1-10GeV,1,E,False,1,1,1-10GeV,1.0,10.0,gnfw_g1.3,1211.71,6175363.184,582.317,177.523,42536.4,True,0.864,WITHDRAWN_see_section_6.0_rigid_IEM,scan_maskD,f5dc203,2026-09-27
gap1_maskE_iem1_gnfw_g1.3_th1_1-10GeV,1,E,False,1,1,1-10GeV,1.0,10.0,gnfw_g1.3_th1,957.395,6175236.027,836.631,431.838,35065.9,True,0.864,WITHDRAWN_see_section_6.0_rigid_IEM,scan_maskD,f5dc203,2026-09-27
gap1_maskE_iem1_gnfw_g1.4_1-10GeV,1,E,False,1,1,1-10GeV,1.0,10.0,gnfw_g1.4,1034.439,6175274.549,759.588,354.794,28543.5,True,0.864,WITHDRAWN_see_section_6.0_rigid_IEM,scan_maskD,f5dc203,2026-09-27
gap1_maskE_iem1_gnfw_g1.4_th1_1-10GeV,1,E,False,1,1,1-10GeV,1.0,10.0,gnfw_g1.4_th1,774.462,6175144.56,1019.565,614.771,22717.7,True,0.864,WITHDRAWN_see_section_6.0_rigid_IEM,scan_maskD,f5dc203,2026-09-27
gap1_maskEps_iem1_hestia_G1.1_ang0_1-10GeV,1,E,True,1,1,1-10GeV,1.0,10.0,hestia_G1.1_ang0,229.861,6180934.147,-86.515,-141.844,38433.7,True,0.864,WITHDRAWN_see_section_6.0_rigid_IEM,scan_maskD_ps,f5dc203,2026-09-27
gap1_maskEps_iem1_hestia_G1.1_ang30_1-10GeV,1,E,True,1,1,1-10GeV,1.0,10.0,hestia_G1.1_ang30,219.398,6180928.915,-76.051,-131.38,38495.3,True,0.864,WITHDRAWN_see_section_6.0_rigid_IEM,scan_maskD_ps,f5dc203,2026-09-27
gap1_maskEps_iem1_hestia_G1.1_ang60_1-10GeV,1,E,True,1,1,1-10GeV,1.0,10.0,hestia_G1.1_ang60,214.148,6180926.29,-70.801,-126.131,37400.9,True,0.864,WITHDRAWN_see_section_6.0_rigid_IEM,scan_maskD_ps,f5dc203,2026-09-27
gap1_maskEps_iem1_hestia_G1.1_ang90_1-10GeV,1,E,True,1,1,1-10GeV,1.0,10.0,hestia_G1.1_ang90,176.833,6180907.633,-33.486,-88.815,32402.2,True,0.864,WITHDRAWN_see_section_6.0_rigid_IEM,scan_maskD_ps,f5dc203,2026-09-27
gap1_maskEps_iem1_hestia_G1.2_ang0_1-10GeV,1,E,True,1,1,1-10GeV,1.0,10.0,hestia_G1.2_ang0,145.317,6180891.875,-1.97,-57.299,29009.2,True,0.864,WITHDRAWN_see_section_6.0_rigid_IEM,scan_maskD_ps,f5dc203,2026-09-27
gap1_maskEps_iem1_hestia_G1.2_ang30_1-10GeV,1,E,True,1,1,1-10GeV,1.0,10.0,hestia_G1.2_ang30,191.564,6180914.998,-48.217,-103.547,35691.5,True,0.864,WITHDRAWN_see_section_6.0_rigid_IEM,scan_maskD_ps,f5dc203,2026-09-27
gap1_maskEps_iem1_hestia_G1.2_ang60_1-10GeV,1,E,True,1,1,1-10GeV,1.0,10.0,hestia_G1.2_ang60,181.194,6180909.813,-37.847,-93.177,37183.4,True,0.864,WITHDRAWN_see_section_6.0_rigid_IEM,scan_maskD_ps,f5dc203,2026-09-27
gap1_maskEps_iem1_hestia_G1.2_ang90_1-10GeV,1,E,True,1,1,1-10GeV,1.0,10.0,hestia_G1.2_ang90,211.242,6180924.837,-67.895,-123.224,41381.6,True,0.864,WITHDRAWN_see_section_6.0_rigid_IEM,scan_maskD_ps,f5dc203,2026-09-27
gap1_maskEps_iem1_hestia_G2.1_ang0_1-10GeV,1,E,True,1,1,1-10GeV,1.0,10.0,hestia_G2.1_ang0,298.031,6180968.232,-154.685,-210.014,51175.5,True,0.864,WITHDRAWN_see_section_6.0_rigid_IEM,scan_maskD_ps,f5dc203,2026-09-27
gap1_maskEps_iem1_hestia_G2.1_ang30_1-10GeV,1,E,True,1,1,1-10GeV,1.0,10.0,hestia_G2.1_ang30,291.085,6180964.759,-147.738,-203.067,51210.1,True,0.864,WITHDRAWN_see_section_6.0_rigid_IEM,scan_maskD_ps,f5dc203,2026-09-27
gap1_maskEps_iem1_hestia_G2.1_ang60_1-10GeV,1,E,True,1,1,1-10GeV,1.0,10.0,hestia_G2.1_ang60,279.549,6180958.991,-136.202,-191.532,49746.4,True,0.864,WITHDRAWN_see_section_6.0_rigid_IEM,scan_maskD_ps,f5dc203,2026-09-27
gap1_maskEps_iem1_hestia_G2.1_ang90_1-10GeV,1,E,True,1,1,1-10GeV,1.0,10.0,hestia_G2.1_ang90,309.432,6180973.932,-166.085,-221.414,52338.8,True,0.864,WITHDRAWN_see_section_6.0_rigid_IEM,scan_maskD_ps,f5dc203,2026-09-27
gap1_maskEps_iem1_hestia_G2.2_ang0_1-10GeV,1,E,True,1,1,1-10GeV,1.0,10.0,hestia_G2.2_ang0,148.876,6180893.654,-5.529,-60.858,28657.4,True,0.864,WITHDRAWN_see_section_6.0_rigid_IEM,scan_maskD_ps,f5dc203,2026-09-27
gap1_maskEps_iem1_hestia_G2.2_ang30_1-10GeV,1,E,True,1,1,1-10GeV,1.0,10.0,hestia_G2.2_ang30,167.782,6180903.107,-24.435,-79.764,33056.9,True,0.864,WITHDRAWN_see_section_6.0_rigid_IEM,scan_maskD_ps,f5dc203,2026-09-27
gap1_maskEps_iem1_hestia_G2.2_ang60_1-10GeV,1,E,True,1,1,1-10GeV,1.0,10.0,hestia_G2.2_ang60,171.309,6180904.871,-27.962,-83.291,33681.3,True,0.864,WITHDRAWN_see_section_6.0_rigid_IEM,scan_maskD_ps,f5dc203,2026-09-27
gap1_maskEps_iem1_hestia_G2.2_ang90_1-10GeV,1,E,True,1,1,1-10GeV,1.0,10.0,hestia_G2.2_ang90,153.555,6180895.994,-10.208,-65.538,30109.9,True,0.864,WITHDRAWN_see_section_6.0_rigid_IEM,scan_maskD_ps,f5dc203,2026-09-27
gap1_maskEps_iem1_hestia_G3.1_ang0_1-10GeV,1,E,True,1,1,1-10GeV,1.0,10.0,hestia_G3.1_ang0,161.663,6180900.048,-18.316,-73.645,33350.6,True,0.864,WITHDRAWN_see_section_6.0_rigid_IEM,scan_maskD_ps,f5dc203,2026-09-27
gap1_maskEps_iem1_hestia_G3.1_ang30_1-10GeV,1,E,True,1,1,1-10GeV,1.0,10.0,hestia_G3.1_ang30,188.806,6180913.619,-45.46,-100.789,36489.2,True,0.864,WITHDRAWN_see_section_6.0_rigid_IEM,scan_maskD_ps,f5dc203,2026-09-27
gap1_maskEps_iem1_hestia_G3.1_ang60_1-10GeV,1,E,True,1,1,1-10GeV,1.0,10.0,hestia_G3.1_ang60,197.059,6180917.746,-53.712,-109.041,36060.6,True,0.864,WITHDRAWN_see_section_6.0_rigid_IEM,scan_maskD_ps,f5dc203,2026-09-27
gap1_maskEps_iem1_hestia_G3.1_ang90_1-10GeV,1,E,True,1,1,1-10GeV,1.0,10.0,hestia_G3.1_ang90,180.194,6180909.313,-36.847,-92.176,33379.9,True,0.864,WITHDRAWN_see_section_6.0_rigid_IEM,scan_maskD_ps,f5dc203,2026-09-27
gap1_maskEps_iem1_hestia_G3.2_ang0_1-10GeV,1,E,True,1,1,1-10GeV,1.0,10.0,hestia_G3.2_ang0,74.078,6180856.255,69.269,13.94,18942.5,True,0.864,WITHDRAWN_see_section_6.0_rigid_IEM,scan_maskD_ps,f5dc203,2026-09-27
gap1_maskEps_iem1_hestia_G3.2_ang30_1-10GeV,1,E,True,1,1,1-10GeV,1.0,10.0,hestia_G3.2_ang30,82.19,6180860.311,61.157,5.828,20384.7,True,0.864,WITHDRAWN_see_section_6.0_rigid_IEM,scan_maskD_ps,f5dc203,2026-09-27
gap1_maskEps_iem1_hestia_G3.2_ang60_1-10GeV,1,E,True,1,1,1-10GeV,1.0,10.0,hestia_G3.2_ang60,82.021,6180860.227,61.326,5.997,20358.9,True,0.864,WITHDRAWN_see_section_6.0_rigid_IEM,scan_maskD_ps,f5dc203,2026-09-27
gap1_maskEps_iem1_hestia_G3.2_ang90_1-10GeV,1,E,True,1,1,1-10GeV,1.0,10.0,hestia_G3.2_ang90,111.939,6180875.186,31.407,-23.922,26270.8,True,0.864,WITHDRAWN_see_section_6.0_rigid_IEM,scan_maskD_ps,f5dc203,2026-09-27
gap1_maskEps_iem1_vvv_1-10GeV,1,E,True,1,1,1-10GeV,1.0,10.0,vvv,143.347,6180890.89,-0.0,-55.329,18623.8,True,0.864,WITHDRAWN_see_section_6.0_rigid_IEM,scan_maskD_ps,f5dc203,2026-09-27
gap1_maskEps_iem1_f98_1-10GeV,1,E,True,1,1,1-10GeV,1.0,10.0,f98,130.273,6180884.353,13.074,-42.256,15739.8,True,0.864,WITHDRAWN_see_section_6.0_rigid_IEM,scan_maskD_ps,f5dc203,2026-09-27
gap1_maskEps_iem1_gnfw_g0.8_1-10GeV,1,E,True,1,1,1-10GeV,1.0,10.0,gnfw_g0.8,88.018,6180863.225,55.329,-0.0,32508.5,True,0.864,WITHDRAWN_see_section_6.0_rigid_IEM,scan_maskD_ps,f5dc203,2026-09-27
gap1_maskEps_iem1_gnfw_g0.8_th1_1-10GeV,1,E,True,1,1,1-10GeV,1.0,10.0,gnfw_g0.8_th1,26.417,6180832.425,116.929,61.6,15736.6,True,0.864,WITHDRAWN_see_section_6.0_rigid_IEM,scan_maskD_ps,f5dc203,2026-09-27
gap1_maskEps_iem1_gnfw_g0.9_1-10GeV,1,E,True,1,1,1-10GeV,1.0,10.0,gnfw_g0.9,72.699,6180855.566,70.648,15.319,25410.9,True,0.864,WITHDRAWN_see_section_6.0_rigid_IEM,scan_maskD_ps,f5dc203,2026-09-27
gap1_maskEps_iem1_gnfw_g0.9_th1_1-10GeV,1,E,True,1,1,1-10GeV,1.0,10.0,gnfw_g0.9_th1,29.081,6180833.757,114.266,58.937,14083.9,True,0.864,WITHDRAWN_see_section_6.0_rigid_IEM,scan_maskD_ps,f5dc203,2026-09-27
gap1_maskEps_iem1_gnfw_g1.0_1-10GeV,1,E,True,1,1,1-10GeV,1.0,10.0,gnfw_g1.0,50.314,6180844.373,93.033,37.704,17060.6,True,0.864,WITHDRAWN_see_section_6.0_rigid_IEM,scan_maskD_ps,f5dc203,2026-09-27
gap1_maskEps_iem1_gnfw_g1.0_th1_1-10GeV,1,E,True,1,1,1-10GeV,1.0,10.0,gnfw_g1.0_th1,23.903,6180831.168,119.443,64.114,10476.4,True,0.864,WITHDRAWN_see_section_6.0_rigid_IEM,scan_maskD_ps,f5dc203,2026-09-27
gap1_maskEps_iem1_gnfw_g1.1_1-10GeV,1,E,True,1,1,1-10GeV,1.0,10.0,gnfw_g1.1,27.01,6180832.721,116.337,61.007,9821.9,True,0.864,WITHDRAWN_see_section_6.0_rigid_IEM,scan_maskD_ps,f5dc203,2026-09-27
gap1_maskEps_iem1_gnfw_g1.1_th1_1-10GeV,1,E,True,1,1,1-10GeV,1.0,10.0,gnfw_g1.1_th1,13.288,6180825.86,130.058,74.729,5770.5,True,0.864,WITHDRAWN_see_section_6.0_rigid_IEM,scan_maskD_ps,f5dc203,2026-09-27
gap1_maskEps_iem1_gnfw_g1.2_1-10GeV,1,E,True,1,1,1-10GeV,1.0,10.0,gnfw_g1.2,9.192,6180823.812,134.155,78.825,4053.1,True,0.864,WITHDRAWN_see_section_6.0_rigid_IEM,scan_maskD_ps,f5dc203,2026-09-27
gap1_maskEps_iem1_gnfw_g1.2_th1_1-10GeV,1,E,True,1,1,1-10GeV,1.0,10.0,gnfw_g1.2_th1,4.305,6180821.368,139.042,83.713,1907.8,True,0.864,WITHDRAWN_see_section_6.0_rigid_IEM,scan_maskD_ps,f5dc203,2026-09-27
gap1_maskEps_iem1_gnfw_g1.3_1-10GeV,1,E,True,1,1,1-10GeV,1.0,10.0,gnfw_g1.3,1.421,6180819.927,141.926,86.597,871.1,True,0.864,WITHDRAWN_see_section_6.0_rigid_IEM,scan_maskD_ps,f5dc203,2026-09-27
gap1_maskEps_iem1_gnfw_g1.3_th1_1-10GeV,1,E,True,1,1,1-10GeV,1.0,10.0,gnfw_g1.3_th1,0.312,6180819.372,143.035,87.706,363.9,True,0.864,WITHDRAWN_see_section_6.0_rigid_IEM,scan_maskD_ps,f5dc203,2026-09-27
gap1_maskEps_iem1_gnfw_g1.4_1-10GeV,1,E,True,1,1,1-10GeV,1.0,10.0,gnfw_g1.4,0.0,6180819.216,143.347,88.018,0.0,True,0.864,WITHDRAWN_see_section_6.0_rigid_IEM,scan_maskD_ps,f5dc203,2026-09-27
gap1_maskEps_iem1_gnfw_g1.4_th1_1-10GeV,1,E,True,1,1,1-10GeV,1.0,10.0,gnfw_g1.4_th1,0.0,6180819.216,143.347,88.018,0.0,True,0.864,WITHDRAWN_see_section_6.0_rigid_IEM,scan_maskD_ps,f5dc203,2026-09-27
