galaxy,angle_deg,level,q,c4,mean_radius_deg,method
G1.1,0,0.1,0.6305,-0.001,6.18,uncropped_800
G1.1,0,0.05,0.5316,-0.0064,9.92,uncropped_800
G1.1,0,0.02,0.542,-0.0035,15.56,uncropped_800
G1.1,30,0.1,0.597,-0.0008,6.14,uncropped_800
G1.1,30,0.05,0.5333,-0.0114,9.68,uncropped_800
G1.1,30,0.02,0.5146,-0.0017,15.86,uncropped_800
G1.1,60,0.1,0.6245,-0.0007,5.94,uncropped_800
G1.1,60,0.05,0.5572,-0.0193,9.68,uncropped_800
G1.1,60,0.02,0.5251,-0.0049,15.82,uncropped_800
G1.1,90,0.1,0.6427,-0.0021,5.84,uncropped_800
G1.1,90,0.05,0.5719,0.0031,9.08,uncropped_800
G1.1,90,0.02,0.5547,-0.0111,14.75,uncropped_800
G2.1,0,0.1,0.6074,0.003,8.29,uncropped_800
G2.1,0,0.05,0.5881,0.0003,12.76,uncropped_800
G2.1,0,0.02,0.5943,-0.0043,19.17,uncropped_800
G2.1,30,0.1,0.5861,0.0063,8.92,uncropped_800
G2.1,30,0.05,0.5959,0.0104,13.32,uncropped_800
G2.1,30,0.02,0.5895,0.0,19.92,uncropped_800
G2.1,60,0.1,0.5928,-0.0059,8.21,uncropped_800
G2.1,60,0.05,0.5909,0.0052,12.59,uncropped_800
G2.1,60,0.02,0.5684,0.0007,19.44,uncropped_800
G2.1,90,0.1,0.5788,-0.0049,8.16,uncropped_800
G2.1,90,0.05,0.586,-0.0008,12.64,uncropped_800
G2.1,90,0.02,0.5564,0.0028,19.74,uncropped_800
G3.1,0,0.1,0.6475,-0.0069,7.5,uncropped_800
G3.1,0,0.05,0.6712,-0.0045,10.35,uncropped_800
G3.1,0,0.02,0.6502,-0.0034,15.59,uncropped_800
G3.1,30,0.1,0.6415,-0.0092,7.29,uncropped_800
G3.1,30,0.05,0.7,0.0004,10.32,uncropped_800
G3.1,30,0.02,0.6258,-0.0112,15.67,uncropped_800
G3.1,60,0.1,0.6796,-0.0052,6.42,uncropped_800
G3.1,60,0.05,0.6952,-0.007,9.27,uncropped_800
G3.1,60,0.02,0.6476,-0.0061,14.26,uncropped_800
G3.1,90,0.1,0.6996,-0.0063,5.8,uncropped_800
G3.1,90,0.05,0.7062,0.0014,8.61,uncropped_800
G3.1,90,0.02,0.6713,-0.0058,13.38,uncropped_800
G1.2,0,0.1,0.6359,-0.0069,5.34,uncropped_800
G1.2,0,0.05,0.6079,0.0029,8.13,uncropped_800
G1.2,0,0.02,0.6067,-0.0042,12.93,uncropped_800
G1.2,30,0.1,0.5831,0.0038,6.38,uncropped_800
G1.2,30,0.05,0.575,0.0001,9.35,uncropped_800
G1.2,30,0.02,0.6104,0.001,14.49,uncropped_800
G1.2,60,0.1,0.5672,0.0124,6.9,uncropped_800
G1.2,60,0.05,0.5677,-0.0064,10.31,uncropped_800
G1.2,60,0.02,0.5933,-0.0012,15.61,uncropped_800
G1.2,90,0.1,0.5341,0.009,7.34,uncropped_800
G1.2,90,0.05,0.567,-0.0026,10.69,uncropped_800
G1.2,90,0.02,0.5996,0.0012,15.92,uncropped_800
G2.2,0,0.1,0.6824,0.0018,5.22,uncropped_800
G2.2,0,0.05,0.6348,-0.0065,7.78,uncropped_800
G2.2,0,0.02,0.6064,-0.0056,12.74,uncropped_800
G2.2,30,0.1,0.582,0.0135,6.18,uncropped_800
G2.2,30,0.05,0.5839,-0.0144,8.94,uncropped_800
G2.2,30,0.02,0.6014,-0.0063,13.91,uncropped_800
G2.2,60,0.1,0.5924,-0.0072,6.24,uncropped_800
G2.2,60,0.05,0.5967,-0.0087,9.01,uncropped_800
G2.2,60,0.02,0.5932,-0.0127,14.17,uncropped_800
G2.2,90,0.1,0.6049,0.0164,5.43,uncropped_800
G2.2,90,0.05,0.6262,-0.0107,7.96,uncropped_800
G2.2,90,0.02,0.6162,-0.0043,12.66,uncropped_800
G3.2,0,0.1,0.5861,-0.0126,5.63,uncropped_800
G3.2,0,0.05,0.613,-0.0162,8.0,uncropped_800
G3.2,0,0.02,0.639,0.0015,11.98,uncropped_800
G3.2,30,0.1,0.6108,-0.0098,5.73,uncropped_800
G3.2,30,0.05,0.6323,-0.0062,8.18,uncropped_800
G3.2,30,0.02,0.6425,-0.0059,12.53,uncropped_800
G3.2,60,0.1,0.6119,0.004,4.85,uncropped_800
G3.2,60,0.05,0.6583,-0.017,7.09,uncropped_800
G3.2,60,0.02,0.6365,-0.0072,11.61,uncropped_800
G3.2,90,0.1,0.6171,-0.0013,4.96,uncropped_800
G3.2,90,0.05,0.6272,-0.0143,7.48,uncropped_800
G3.2,90,0.02,0.6424,-0.0011,11.8,uncropped_800
