template,lnL,TS,photons,converged,dAIC_vs_vvv
hestia_G1.1_ang0,41673.04478492499,58.26655288669281,7446.007927392461,True,-10.182106484600808
hestia_G1.1_ang30,41672.25551434368,56.68801172406529,7566.088090218367,True,-8.603565321973292
hestia_G1.1_ang60,41673.1665871061,58.51015724890749,7880.893160810436,True,-10.425710846815491
hestia_G1.1_ang90,41669.822702869395,51.82238877550117,7250.362139539348,True,-3.737942373409169
hestia_G1.2_ang0,41665.51522001595,43.207423068612115,6396.8523486875965,True,4.877023333479883
hestia_G1.2_ang30,41671.71336843408,55.60371990487329,8020.946626923726,True,-7.519273502781289
hestia_G1.2_ang60,41675.453734930925,63.08445289856172,8964.833359837028,True,-15.000006496469723
hestia_G1.2_ang90,41677.43003443205,67.03705190081382,9622.088537512389,True,-18.952605498721823
hestia_G2.1_ang0,41678.26867934836,68.71434173343005,10393.028778303089,True,-20.629895331338048
hestia_G2.1_ang30,41675.969760102336,64.11650324138463,9963.096584053674,True,-16.032056839292636
hestia_G2.1_ang60,41673.648600733766,59.47418450424448,9481.361734012617,True,-11.389738102152478
hestia_G2.1_ang90,41676.04417232523,64.26532768717152,10002.45292656288,True,-16.180881285079522
hestia_G2.2_ang0,41667.22941752433,46.635818085371284,6492.470565856286,True,1.4486283167207148
hestia_G2.2_ang30,41669.135547799044,50.44807863479946,7567.607015612929,True,-2.3636322327074595
hestia_G2.2_ang60,41671.4554741153,55.087931267305976,7905.104874649695,True,-7.003484865213977
hestia_G2.2_ang90,41668.36554196925,48.90806697521475,6966.757014128415,True,-0.8236205731227528
hestia_G3.1_ang0,41662.78049127768,37.73796559206676,6881.541204002906,True,10.346480810025241
hestia_G3.1_ang30,41667.8344315883,47.84584621331305,7998.615159474569,True,0.23860018877894618
hestia_G3.1_ang60,41669.92610432775,52.029191692214226,8052.518648931085,True,-3.9447452901222277
hestia_G3.1_ang90,41666.62052903505,45.41804110680823,7286.661961222934,True,2.6664052952837665
hestia_G3.2_ang0,41656.05225129734,24.28148563139257,4344.312011676565,True,23.80296077069943
hestia_G3.2_ang30,41656.70682261363,25.590628263977123,4562.994410564954,True,22.493818138114875
hestia_G3.2_ang60,41656.26274155847,24.702466153656133,4611.284118869133,True,23.381980248435866
hestia_G3.2_ang90,41662.28623001567,36.74944306805264,6416.600798185997,True,11.335003334039357
vvv,41667.95373168269,48.084446402092,3532.3153772828687,True,-0.0
f98,41663.28721742079,38.75141787828761,2877.0143063615865,True,9.333028523804387
gnfw_g0.8,41653.394386931526,18.96575689976453,7481.866106365637,True,29.11868950232747
gnfw_g0.8_th1,41646.60701753193,5.391018100577639,3838.285017943039,True,42.69342830151436
gnfw_g0.9,41653.45451009659,19.08600322989514,6352.975094084879,True,28.998443172196858
gnfw_g0.9_th1,41647.904809767206,7.9866025711235125,3985.286424306077,True,40.097843830968486
gnfw_g1.0,41653.13545265049,18.44788833768689,5239.407562044896,True,29.636558064405108
gnfw_g1.0_th1,41648.83900122745,9.854985491605476,3720.237978942058,True,38.22946091048652
gnfw_g1.1,41652.45680951432,17.09060206534923,4193.42649873007,True,30.993844336742768
gnfw_g1.1_th1,41649.240240408995,10.657463854702655,3204.955265046895,True,37.42698254738934
gnfw_g1.2,41651.490930533575,15.158844103862066,3259.6387083053983,True,32.92560229822993
gnfw_g1.2_th1,41649.0911789993,10.359341035305988,2584.0194578339724,True,37.72510536678601
gnfw_g1.3,41650.336391869074,12.849766774859745,2462.9790392452664,True,35.23467962723225
gnfw_g1.3_th1,41648.4908664222,9.158715881116223,1966.6771239477478,True,38.925730520975776
gnfw_g1.4,41649.08966555777,10.356314152246341,1806.723895466293,True,37.72813224984566
gnfw_g1.4_th1,41647.596480673135,7.369944382982794,1415.094415747721,True,40.714502019109204
